author_id,author_name,h_index,total_kudos,n_publications,rank
85509,Author_85509,21,6828.7804681262705,91,1
293169,Author_293169,21,2119.398002376918,98,2
50269,Author_50269,21,1508.6789554614015,104,3
31200,Author_31200,21,1384.6364686916354,89,4
113401,Author_113401,20,1863.9429596982418,128,5
61048,Author_61048,20,1732.715662889692,109,6
244116,Author_244116,20,1700.3085275796936,85,7
118204,Author_118204,20,1655.6668175237628,89,8
177644,Author_177644,20,1580.919959818148,134,9
206310,Author_206310,20,1543.5066731537763,116,10
