citation_rank,author_id,author_name,citation_h_index,kudos_h_index,kudos_rank
1,85509,Author_85509,25,21,1
2,293169,Author_293169,25,21,2
3,244116,Author_244116,25,20,7
4,31200,Author_31200,25,21,4
5,76991,Author_76991,24,19,13
6,61048,Author_61048,24,20,6
7,64777,Author_64777,24,19,15
8,263049,Author_263049,24,19,16
9,41665,Author_41665,24,19,17
10,37322,Author_37322,24,17,93
11,261776,Author_261776,24,19,24
12,33654,Author_33654,24,18,45
13,268036,Author_268036,24,19,25
14,137895,Author_137895,24,20,11
15,234778,Author_234778,23,17,72
16,94197,Author_94197,23,18,30
17,277493,Author_277493,23,19,12
18,138929,Author_138929,23,19,14
19,113401,Author_113401,23,20,5
20,177644,Author_177644,23,20,9
21,199026,Author_199026,23,16,193
22,162731,Author_162731,23,17,97
23,11680,Author_11680,23,18,33
24,34413,Author_34413,23,18,36
25,153275,Author_153275,23,18,39
26,50269,Author_50269,23,21,3
27,88685,Author_88685,23,19,18
28,99171,Author_99171,23,19,21
29,264003,Author_264003,23,18,40
30,17483,Author_17483,23,17,101
31,98189,Author_98189,23,19,19
32,218962,Author_218962,23,17,113
33,96467,Author_96467,23,18,46
34,32635,Author_32635,23,17,106
35,142846,Author_142846,23,18,49
36,232931,Author_232931,23,18,58
37,238877,Author_238877,23,19,26
38,159204,Author_159204,23,17,149
39,290098,Author_290098,23,16,309
40,204789,Author_204789,22,18,27
41,253337,Author_253337,22,17,71
42,221892,Author_221892,22,18,29
43,168484,Author_168484,22,18,31
44,277475,Author_277475,22,17,75
45,207128,Author_207128,22,16,181
46,63486,Author_63486,22,16,183
47,176467,Author_176467,22,17,83
48,78674,Author_78674,22,17,76
49,268197,Author_268197,22,17,80
50,237514,Author_237514,22,18,37
51,144226,Author_144226,22,17,91
52,97017,Author_97017,22,17,102
53,206310,Author_206310,22,20,10
54,276679,Author_276679,22,17,87
55,191009,Author_191009,22,18,38
56,80851,Author_80851,22,18,43
57,66209,Author_66209,22,18,41
58,78332,Author_78332,22,17,99
59,118204,Author_118204,22,20,8
60,68359,Author_68359,22,17,90
61,180971,Author_180971,22,19,20
62,106255,Author_106255,22,19,22
63,64065,Author_64065,22,18,42
64,206681,Author_206681,22,19,23
65,191684,Author_191684,22,16,230
66,251080,Author_251080,22,17,115
67,139954,Author_139954,22,17,94
68,197299,Author_197299,22,18,50
69,281317,Author_281317,22,17,104
70,192913,Author_192913,22,17,108
71,205811,Author_205811,22,16,260
72,90113,Author_90113,22,17,109
73,292286,Author_292286,22,17,128
74,285676,Author_285676,22,18,47
75,276709,Author_276709,22,18,54
76,235387,Author_235387,22,17,142
77,84130,Author_84130,22,18,59
78,41095,Author_41095,22,18,57
79,55312,Author_55312,22,17,125
80,208688,Author_208688,22,18,63
81,284704,Author_284704,22,17,131
82,170297,Author_170297,22,18,61
83,218695,Author_218695,22,15,528
84,201785,Author_201785,22,17,119
85,32559,Author_32559,22,17,141
86,296495,Author_296495,22,17,151
87,109965,Author_109965,22,17,162
88,175871,Author_175871,22,16,320
89,211463,Author_211463,22,16,299
90,83978,Author_83978,22,18,68
91,235594,Author_235594,22,16,368
92,280555,Author_280555,21,15,377
93,157415,Author_157415,21,15,381
94,81952,Author_81952,21,16,172
95,260554,Author_260554,21,18,28
96,162303,Author_162303,21,16,178
97,283617,Author_283617,21,16,180
98,105671,Author_105671,21,17,77
99,164363,Author_164363,21,16,182
100,61252,Author_61252,21,18,32
101,248666,Author_248666,21,16,205
102,87303,Author_87303,21,15,411
103,91706,Author_91706,21,16,186
104,294548,Author_294548,21,18,34
105,170387,Author_170387,21,16,185
106,67960,Author_67960,21,15,406
107,76074,Author_76074,21,16,191
108,131514,Author_131514,21,15,401
109,155515,Author_155515,21,15,405
110,119882,Author_119882,21,16,208
111,119632,Author_119632,21,17,92
112,302542,Author_302542,21,16,204
113,11255,Author_11255,21,16,229
114,279689,Author_279689,21,17,100
115,283357,Author_283357,21,16,209
116,222208,Author_222208,21,17,118
117,60806,Author_60806,21,16,266
118,124783,Author_124783,21,17,107
119,282597,Author_282597,21,16,232
120,63807,Author_63807,21,16,241
121,204154,Author_204154,21,16,257
122,262019,Author_262019,21,15,515
123,214843,Author_214843,21,18,55
124,118956,Author_118956,21,18,48
125,147014,Author_147014,21,16,217
126,51916,Author_51916,21,16,256
127,260307,Author_260307,21,17,117
128,115253,Author_115253,21,18,53
129,300302,Author_300302,21,17,112
130,125148,Author_125148,21,16,250
131,38176,Author_38176,21,16,242
132,3344,Author_03344,21,16,262
133,167793,Author_167793,21,15,509
134,172441,Author_172441,21,15,485
135,165784,Author_165784,21,17,123
136,270054,Author_270054,21,16,264
137,30453,Author_30453,21,16,273
138,237812,Author_237812,21,17,124
139,269641,Author_269641,21,17,144
140,75296,Author_75296,21,14,912
141,270380,Author_270380,21,15,504
142,78214,Author_78214,21,16,249
143,150978,Author_150978,21,16,236
144,166072,Author_166072,21,15,517
145,65332,Author_65332,21,15,530
146,48144,Author_48144,21,17,134
147,219481,Author_219481,21,17,126
148,82781,Author_82781,21,17,111
149,266160,Author_266160,21,16,276
150,283930,Author_283930,21,15,585
151,205264,Author_205264,21,17,130
152,176723,Author_176723,21,18,62
153,39123,Author_39123,21,15,548
154,272219,Author_272219,21,17,145
155,105843,Author_105843,21,16,285
156,225359,Author_225359,21,15,570
157,300674,Author_300674,21,16,263
158,94386,Author_94386,21,17,143
159,37061,Author_37061,21,16,282
160,218178,Author_218178,21,17,139
161,146327,Author_146327,21,15,580
162,1912,Author_01912,21,14,1099
163,267497,Author_267497,21,17,133
164,157037,Author_157037,21,15,575
165,142527,Author_142527,21,15,629
166,197284,Author_197284,21,17,159
167,249152,Author_249152,21,14,1098
168,195595,Author_195595,21,16,329
169,53759,Author_53759,21,16,326
170,2131,Author_02131,21,16,304
171,163557,Author_163557,21,16,319
172,143060,Author_143060,21,16,332
173,271997,Author_271997,21,17,160
174,20444,Author_20444,21,15,670
175,67225,Author_67225,21,16,339
176,302415,Author_302415,21,15,607
177,21363,Author_21363,21,15,636
178,3214,Author_03214,21,14,1266
179,80895,Author_80895,21,18,65
180,277668,Author_277668,21,15,660
181,205355,Author_205355,21,14,1190
182,238382,Author_238382,21,16,353
183,12736,Author_12736,21,16,358
184,290469,Author_290469,21,16,362
185,25591,Author_25591,21,17,165
186,73740,Author_73740,21,16,372
187,147403,Author_147403,20,16,169
188,288634,Author_288634,20,17,73
189,83249,Author_83249,20,15,384
190,168938,Author_168938,20,15,387
191,87995,Author_87995,20,16,175
192,52250,Author_52250,20,17,74
193,260735,Author_260735,20,15,393
194,275294,Author_275294,20,16,176
195,164242,Author_164242,20,15,391
196,124389,Author_124389,20,16,179
197,76679,Author_76679,20,17,78
198,235414,Author_235414,20,17,84
199,76013,Author_76013,20,17,85
200,264421,Author_264421,20,14,812
201,194072,Author_194072,20,17,79
202,169091,Author_169091,20,17,81
203,115032,Author_115032,20,15,420
204,202574,Author_202574,20,15,422
205,21869,Author_21869,20,17,86
206,31486,Author_31486,20,16,190
207,63793,Author_63793,20,16,196
208,10441,Author_10441,20,15,397
209,42353,Author_42353,20,16,197
210,282307,Author_282307,20,16,203
211,165035,Author_165035,20,16,200
212,38087,Author_38087,20,16,210
213,95341,Author_95341,20,16,198
214,160474,Author_160474,20,15,407
215,282135,Author_282135,20,16,212
216,147183,Author_147183,20,15,432
217,141649,Author_141649,20,17,88
218,158034,Author_158034,20,15,410
219,248623,Author_248623,20,16,202
220,80935,Author_80935,20,17,98
221,128000,Author_128000,20,16,214
222,126771,Author_126771,20,15,437
223,207916,Author_207916,20,17,95
224,46170,Author_46170,20,16,213
225,66168,Author_66168,20,15,458
226,138744,Author_138744,20,16,227
227,176205,Author_176205,20,16,218
228,44325,Author_44325,20,14,836
229,251473,Author_251473,20,18,52
230,236171,Author_236171,20,16,207
231,35619,Author_35619,20,18,51
232,91460,Author_91460,20,18,44
233,100415,Author_100415,20,15,457
234,176597,Author_176597,20,17,120
235,4283,Author_04283,20,15,435
236,104355,Author_104355,20,16,221
237,264842,Author_264842,20,15,461
238,37893,Author_37893,20,16,240
239,20816,Author_20816,20,15,516
240,132499,Author_132499,20,16,248
241,122536,Author_122536,20,15,460
242,93638,Author_93638,20,16,225
243,97994,Author_97994,20,16,247
244,213280,Author_213280,20,16,246
245,172455,Author_172455,20,14,910
246,279023,Author_279023,20,17,110
247,29932,Author_29932,20,16,237
248,122920,Author_122920,20,17,121
249,243700,Author_243700,20,18,56
250,9852,Author_09852,20,14,956
251,241416,Author_241416,20,16,215
252,83847,Author_83847,20,15,522
253,165138,Author_165138,20,15,496
254,120412,Author_120412,20,15,505
255,199780,Author_199780,20,17,138
256,205586,Author_205586,20,17,132
257,248355,Author_248355,20,15,480
258,266731,Author_266731,20,17,135
259,127922,Author_127922,20,16,279
260,24163,Author_24163,20,18,60
261,102179,Author_102179,20,15,542
262,187556,Author_187556,20,16,216
263,208626,Author_208626,20,15,508
264,275357,Author_275357,20,16,235
265,257105,Author_257105,20,14,927
266,236130,Author_236130,20,16,269
267,9916,Author_09916,20,15,559
268,151930,Author_151930,20,14,1087
269,13776,Author_13776,20,17,153
270,243790,Author_243790,20,15,571
271,18245,Author_18245,20,16,243
272,50577,Author_50577,20,13,1869
273,139464,Author_139464,20,16,270
274,50008,Author_50008,20,14,938
275,168334,Author_168334,20,15,527
276,61149,Author_61149,20,15,537
277,76807,Author_76807,20,17,129
278,177869,Author_177869,20,16,283
279,60261,Author_60261,20,15,566
280,235941,Author_235941,20,16,268
281,149543,Author_149543,20,16,287
282,299928,Author_299928,20,15,604
283,175097,Author_175097,20,16,265
284,169624,Author_169624,20,16,291
285,100105,Author_100105,20,16,302
286,131072,Author_131072,20,15,557
287,35125,Author_35125,20,17,148
288,183205,Author_183205,20,17,136
289,209143,Author_209143,20,14,1005
290,26288,Author_26288,20,15,597
291,9226,Author_09226,20,15,583
292,14190,Author_14190,20,15,578
293,135954,Author_135954,20,14,1043
294,285535,Author_285535,20,15,529
295,15191,Author_15191,20,18,64
296,302704,Author_302704,20,17,147
297,181565,Author_181565,20,16,300
298,110184,Author_110184,20,15,577
299,2164,Author_02164,20,15,589
300,15161,Author_15161,20,15,594
301,30040,Author_30040,20,16,284
302,122656,Author_122656,20,16,318
303,82694,Author_82694,20,16,310
304,243929,Author_243929,20,15,540
305,89020,Author_89020,20,16,303
306,173862,Author_173862,20,15,631
307,134332,Author_134332,20,15,608
308,292712,Author_292712,20,16,323
309,230158,Author_230158,20,16,338
310,265394,Author_265394,20,15,592
311,190066,Author_190066,20,15,603
312,176777,Author_176777,20,15,547
313,155517,Author_155517,20,15,576
314,256741,Author_256741,20,16,314
315,215431,Author_215431,20,17,157
316,83806,Author_83806,20,15,677
317,64103,Author_64103,20,15,652
318,227404,Author_227404,20,15,614
319,40821,Author_40821,20,17,150
320,83442,Author_83442,20,16,294
321,193982,Author_193982,20,15,615
322,93422,Author_93422,20,16,328
323,246983,Author_246983,20,14,1089
324,99971,Author_99971,20,14,1061
325,68887,Author_68887,20,14,1231
326,61119,Author_61119,20,15,625
327,159918,Author_159918,20,15,645
328,15187,Author_15187,20,16,324
329,172359,Author_172359,20,16,344
330,56800,Author_56800,20,16,346
331,41569,Author_41569,20,15,701
332,148214,Author_148214,20,15,621
333,87722,Author_87722,20,18,67
334,143143,Author_143143,20,15,646
335,55145,Author_55145,20,16,341
336,56960,Author_56960,20,16,349
337,91612,Author_91612,20,15,714
338,188142,Author_188142,20,14,1215
339,172446,Author_172446,20,16,352
340,180674,Author_180674,20,15,685
341,142466,Author_142466,20,17,164
342,206907,Author_206907,20,16,356
343,288619,Author_288619,20,15,672
344,243681,Author_243681,20,14,1320
345,143527,Author_143527,20,15,669
346,302368,Author_302368,20,15,654
347,220825,Author_220825,20,16,354
348,203310,Author_203310,20,15,667
349,244271,Author_244271,20,15,694
350,263320,Author_263320,20,15,674
351,157026,Author_157026,20,16,322
352,185423,Author_185423,20,15,706
353,51201,Author_51201,20,15,686
354,201469,Author_201469,20,16,342
355,293968,Author_293968,20,14,1217
356,180789,Author_180789,20,15,709
357,27518,Author_27518,20,18,70
358,130701,Author_130701,20,16,360
359,240923,Author_240923,20,15,735
360,73315,Author_73315,20,17,166
361,107222,Author_107222,20,15,695
362,21288,Author_21288,20,15,711
363,300938,Author_300938,20,16,366
364,71812,Author_71812,20,15,739
365,252480,Author_252480,20,15,723
366,19531,Author_19531,20,18,69
367,210481,Author_210481,20,15,745
368,58056,Author_58056,20,15,753
369,27548,Author_27548,20,15,770
370,17749,Author_17749,19,14,781
371,132770,Author_132770,19,16,168
372,66595,Author_66595,19,15,375
373,204421,Author_204421,19,16,170
374,106261,Author_106261,19,16,173
375,46651,Author_46651,19,14,793
376,106134,Author_106134,19,16,177
377,212369,Author_212369,19,15,395
378,178350,Author_178350,19,15,388
379,182546,Author_182546,19,14,809
380,299487,Author_299487,19,14,817
381,176840,Author_176840,19,15,400
382,301901,Author_301901,19,16,188
383,247677,Author_247677,19,16,189
384,243085,Author_243085,19,16,206
385,3305,Author_03305,19,12,3139
386,10666,Author_10666,19,15,409
387,220484,Author_220484,19,15,421
388,142724,Author_142724,19,16,195
389,134767,Author_134767,19,15,408
390,131444,Author_131444,19,15,417
391,90398,Author_90398,19,17,89
392,87292,Author_87292,19,17,96
393,130189,Author_130189,19,16,192
394,254037,Author_254037,19,15,403
395,52517,Author_52517,19,15,414
396,151890,Author_151890,19,14,833
397,216245,Author_216245,19,15,441
398,158635,Author_158635,19,18,35
399,284790,Author_284790,19,15,429
400,146836,Author_146836,19,13,1654
401,262032,Author_262032,19,15,425
402,180911,Author_180911,19,14,830
403,87835,Author_87835,19,16,222
404,104210,Author_104210,19,15,399
405,76011,Author_76011,19,15,402
406,264551,Author_264551,19,15,442
407,216611,Author_216611,19,14,844
408,271637,Author_271637,19,14,863
409,182113,Author_182113,19,15,466
410,188243,Author_188243,19,16,226
411,86370,Author_86370,19,14,841
412,299305,Author_299305,19,16,223
413,135422,Author_135422,19,17,103
414,128058,Author_128058,19,15,500
415,69738,Author_69738,19,14,866
416,28505,Author_28505,19,15,430
417,136456,Author_136456,19,16,238
418,285663,Author_285663,19,15,469
419,149049,Author_149049,19,15,474
420,275507,Author_275507,19,13,1706
421,159411,Author_159411,19,15,475
422,213173,Author_213173,19,13,1694
423,90819,Author_90819,19,15,444
424,174248,Author_174248,19,15,453
425,290437,Author_290437,19,15,439
426,282182,Author_282182,19,15,467
427,93452,Author_93452,19,15,445
428,164187,Author_164187,19,14,953
429,219165,Author_219165,19,16,224
430,222185,Author_222185,19,13,1714
431,262324,Author_262324,19,15,501
432,286313,Author_286313,19,15,455
433,165642,Author_165642,19,16,253
434,163277,Author_163277,19,15,470
435,194350,Author_194350,19,15,498
436,183924,Author_183924,19,15,476
437,62474,Author_62474,19,15,481
438,190544,Author_190544,19,15,499
439,16679,Author_16679,19,16,272
440,105332,Author_105332,19,16,261
441,132352,Author_132352,19,15,487
442,216948,Author_216948,19,15,491
443,236546,Author_236546,19,16,251
444,243512,Author_243512,19,15,450
445,134295,Author_134295,19,15,494
446,847,Author_00847,19,16,258
447,252844,Author_252844,19,14,959
448,137329,Author_137329,19,16,255
449,209645,Author_209645,19,14,892
450,301036,Author_301036,19,16,254
451,85352,Author_85352,19,14,900
452,118710,Author_118710,19,14,984
453,273038,Author_273038,19,15,488
454,246567,Author_246567,19,15,535
455,149993,Author_149993,19,17,105
456,93280,Author_93280,19,13,1785
457,161905,Author_161905,19,15,438
458,195659,Author_195659,19,15,544
459,216464,Author_216464,19,14,933
460,110878,Author_110878,19,15,511
461,294411,Author_294411,19,15,514
462,264926,Author_264926,19,15,521
463,201163,Author_201163,19,14,949
464,172491,Author_172491,19,17,122
465,296927,Author_296927,19,14,974
466,1485,Author_01485,19,16,271
467,245095,Author_245095,19,14,965
468,111986,Author_111986,19,15,525
469,62367,Author_62367,19,14,941
470,238599,Author_238599,19,14,919
471,119869,Author_119869,19,15,493
472,119117,Author_119117,19,15,512
473,34777,Author_34777,19,17,116
474,102770,Author_102770,19,15,464
475,108831,Author_108831,19,15,545
476,95101,Author_95101,19,16,278
477,179032,Author_179032,19,14,979
478,34857,Author_34857,19,17,127
479,58058,Author_58058,19,15,531
480,180745,Author_180745,19,13,1881
481,6523,Author_06523,19,15,538
482,34801,Author_34801,19,14,871
483,211339,Author_211339,19,15,503
484,177192,Author_177192,19,15,526
485,299754,Author_299754,19,15,560
486,139028,Author_139028,19,13,1899
487,34011,Author_34011,19,16,267
488,170409,Author_170409,19,14,977
489,88879,Author_88879,19,14,964
490,142786,Author_142786,19,16,211
491,252882,Author_252882,19,17,140
492,163394,Author_163394,19,14,940
493,157367,Author_157367,19,15,558
494,167411,Author_167411,19,16,275
495,224976,Author_224976,19,14,930
496,112226,Author_112226,19,15,588
497,250615,Author_250615,19,15,579
498,287547,Author_287547,19,14,1006
499,65290,Author_65290,19,15,564
500,25295,Author_25295,19,16,280
501,6339,Author_06339,19,16,274
502,81196,Author_81196,19,16,316
503,216186,Author_216186,19,14,908
504,5966,Author_05966,19,15,581
505,176388,Author_176388,19,16,288
506,81703,Author_81703,19,15,573
507,87236,Author_87236,19,14,1003
508,153252,Author_153252,19,17,155
509,301571,Author_301571,19,14,1063
510,160963,Author_160963,19,14,972
511,173381,Author_173381,19,16,297
512,262938,Author_262938,19,17,156
513,104749,Author_104749,19,17,137
514,282746,Author_282746,19,15,569
515,128699,Author_128699,19,14,955
516,189748,Author_189748,19,14,989
517,140989,Author_140989,19,14,1092
518,83486,Author_83486,19,16,281
519,242013,Author_242013,19,15,565
520,187558,Author_187558,19,15,582
521,63496,Author_63496,19,14,1129
522,251078,Author_251078,19,16,290
523,162120,Author_162120,19,15,587
524,84115,Author_84115,19,14,1009
525,275663,Author_275663,19,17,152
526,295676,Author_295676,19,14,1135
527,201630,Author_201630,19,17,154
528,62080,Author_62080,19,16,289
529,163071,Author_163071,19,14,971
530,27350,Author_27350,19,14,1052
531,121131,Author_121131,19,14,1033
532,224215,Author_224215,19,14,1097
533,66748,Author_66748,19,14,1090
534,87276,Author_87276,19,16,293
535,253273,Author_253273,19,16,298
536,21371,Author_21371,19,16,301
537,261388,Author_261388,19,15,596
538,173837,Author_173837,19,14,1026
539,259737,Author_259737,19,12,3483
540,168814,Author_168814,19,15,616
541,107804,Author_107804,19,14,1100
542,80235,Author_80235,19,15,539
543,65590,Author_65590,19,15,612
544,41272,Author_41272,19,13,1972
545,144861,Author_144861,19,15,598
546,10013,Author_10013,19,16,306
547,192376,Author_192376,19,14,1200
548,38655,Author_38655,19,16,312
549,228671,Author_228671,19,13,1956
550,135778,Author_135778,19,16,313
551,264208,Author_264208,19,16,308
552,265126,Author_265126,19,15,601
553,167155,Author_167155,19,15,574
554,114751,Author_114751,19,15,606
555,115674,Author_115674,19,15,622
556,148995,Author_148995,19,14,1031
557,171549,Author_171549,19,16,321
558,290351,Author_290351,19,15,602
559,291282,Author_291282,19,14,1056
560,297938,Author_297938,19,15,632
561,29568,Author_29568,19,14,1086
562,270888,Author_270888,19,14,1101
563,258255,Author_258255,19,17,161
564,82478,Author_82478,19,15,599
565,24173,Author_24173,19,14,1046
566,165999,Author_165999,19,15,661
567,217178,Author_217178,19,14,1224
568,276327,Author_276327,19,14,1001
569,69684,Author_69684,19,15,626
570,232981,Author_232981,19,16,333
571,174446,Author_174446,19,15,600
572,99955,Author_99955,19,14,1185
573,135786,Author_135786,19,15,679
574,15907,Author_15907,19,16,335
575,10198,Author_10198,19,14,1178
576,5211,Author_05211,19,14,1134
577,247661,Author_247661,19,16,315
578,18422,Author_18422,19,14,1131
579,243726,Author_243726,19,12,3604
580,30087,Author_30087,19,14,1040
581,131937,Author_131937,19,15,675
582,72791,Author_72791,19,15,630
583,141168,Author_141168,19,16,331
584,129402,Author_129402,19,13,2080
585,240268,Author_240268,19,14,1142
586,94552,Author_94552,19,13,2006
587,90884,Author_90884,19,16,307
588,78167,Author_78167,19,14,1261
589,152937,Author_152937,19,14,1166
590,269315,Author_269315,19,14,1163
591,22364,Author_22364,19,14,1237
592,6068,Author_06068,19,14,1204
593,277111,Author_277111,19,14,1081
594,269025,Author_269025,19,16,348
595,96320,Author_96320,19,15,605
596,85862,Author_85862,19,15,655
597,179457,Author_179457,19,14,1111
598,59717,Author_59717,19,15,690
599,66941,Author_66941,19,16,292
600,225741,Author_225741,19,14,1292
601,282330,Author_282330,19,14,1088
602,190021,Author_190021,19,15,656
603,147572,Author_147572,19,14,1174
604,167293,Author_167293,19,14,1183
605,50748,Author_50748,19,16,336
606,161268,Author_161268,19,16,355
607,154616,Author_154616,19,14,1214
608,188203,Author_188203,19,14,1106
609,137146,Author_137146,19,15,648
610,107332,Author_107332,19,15,640
611,114597,Author_114597,19,18,66
612,125635,Author_125635,19,14,1177
613,152079,Author_152079,19,17,146
614,202271,Author_202271,19,16,337
615,273548,Author_273548,19,14,1133
616,30069,Author_30069,19,14,1202
617,68218,Author_68218,19,15,681
618,110442,Author_110442,19,14,1260
619,267531,Author_267531,19,16,327
620,151472,Author_151472,19,14,1016
621,282154,Author_282154,19,14,1216
622,57541,Author_57541,19,16,359
623,252868,Author_252868,19,14,1155
624,297284,Author_297284,19,14,1333
625,49050,Author_49050,19,13,2170
626,39913,Author_39913,19,14,1313
627,88086,Author_88086,19,14,1208
628,34940,Author_34940,19,15,687
629,89797,Author_89797,19,14,1107
630,151942,Author_151942,19,14,1284
631,282803,Author_282803,19,15,703
632,59499,Author_59499,19,13,2249
633,102135,Author_102135,19,15,673
634,58338,Author_58338,19,14,1392
635,123812,Author_123812,19,15,638
636,230815,Author_230815,19,15,724
637,265750,Author_265750,19,16,361
638,82195,Author_82195,19,17,163
639,191522,Author_191522,19,13,2241
640,47186,Author_47186,19,14,1310
641,119782,Author_119782,19,15,689
642,92756,Author_92756,19,16,350
643,301355,Author_301355,19,14,1247
644,106139,Author_106139,19,14,1372
645,222652,Author_222652,19,13,2380
646,281845,Author_281845,19,16,351
647,211444,Author_211444,19,16,330
648,144888,Author_144888,19,15,691
649,21669,Author_21669,19,14,1242
650,249643,Author_249643,19,14,1262
651,215488,Author_215488,19,16,363
652,74189,Author_74189,19,14,1223
653,205462,Author_205462,19,15,725
654,90138,Author_90138,19,14,1343
655,104417,Author_104417,19,14,1331
656,169290,Author_169290,19,15,730
657,107880,Author_107880,19,14,1325
658,154312,Author_154312,19,14,1324
659,80855,Author_80855,19,14,1280
660,6148,Author_06148,19,14,1338
661,111533,Author_111533,19,15,688
662,38618,Author_38618,19,15,717
663,93857,Author_93857,19,13,2368
664,113786,Author_113786,19,15,721
665,17426,Author_17426,19,13,2445
666,260219,Author_260219,19,16,369
667,275415,Author_275415,19,16,364
668,53300,Author_53300,19,15,765
669,114942,Author_114942,19,16,370
670,131366,Author_131366,19,15,731
671,279108,Author_279108,19,14,1303
672,156849,Author_156849,19,14,1327
673,154511,Author_154511,19,15,747
674,122173,Author_122173,19,14,1448
675,16162,Author_16162,19,14,1412
676,143501,Author_143501,19,14,1253
677,1845,Author_01845,19,13,2441
678,119140,Author_119140,19,15,722
679,82883,Author_82883,19,14,1404
680,112318,Author_112318,19,16,371
681,121813,Author_121813,19,14,1410
682,15235,Author_15235,19,14,1406
683,281206,Author_281206,19,14,1421
684,122895,Author_122895,19,16,367
685,253435,Author_253435,19,15,761
686,147386,Author_147386,19,13,2490
687,230479,Author_230479,19,14,1307
688,117666,Author_117666,19,14,1468
689,96018,Author_96018,19,14,1451
690,54064,Author_54064,19,14,1440
691,222416,Author_222416,19,14,1476
692,255011,Author_255011,19,15,743
693,134974,Author_134974,19,15,767
694,121012,Author_121012,19,15,762
695,18469,Author_18469,19,14,1514
696,141867,Author_141867,19,13,2664
697,222201,Author_222201,19,13,2807
698,142448,Author_142448,19,14,1543
699,141439,Author_141439,19,13,2742
700,61508,Author_61508,19,14,1539
701,30161,Author_30161,19,14,1563
702,244653,Author_244653,19,13,2857
703,88603,Author_88603,18,13,1572
704,44298,Author_44298,18,15,373
705,88014,Author_88014,18,15,374
706,232147,Author_232147,18,13,1574
707,282520,Author_282520,18,12,3072
708,184147,Author_184147,18,15,376
709,300039,Author_300039,18,15,380
710,125271,Author_125271,18,14,787
711,137139,Author_137139,18,15,379
712,116897,Author_116897,18,16,171
713,153935,Author_153935,18,15,382
714,146639,Author_146639,18,16,174
715,166145,Author_166145,18,13,1585
716,84777,Author_84777,18,14,797
717,166690,Author_166690,18,14,799
718,124166,Author_124166,18,15,389
719,270660,Author_270660,18,14,800
720,18254,Author_18254,18,13,1592
721,68813,Author_68813,18,14,801
722,41211,Author_41211,18,17,82
723,234442,Author_234442,18,15,392
724,280463,Author_280463,18,15,390
725,252280,Author_252280,18,13,1609
726,247080,Author_247080,18,14,802
727,221529,Author_221529,18,16,187
728,2797,Author_02797,18,15,396
729,257299,Author_257299,18,13,1610
730,83556,Author_83556,18,14,820
731,1091,Author_01091,18,14,823
732,119790,Author_119790,18,14,814
733,144912,Author_144912,18,15,404
734,295230,Author_295230,18,14,818
735,192587,Author_192587,18,15,426
736,91320,Author_91320,18,14,816
737,156340,Author_156340,18,15,416
738,191870,Author_191870,18,15,412
739,155574,Author_155574,18,13,1627
740,300326,Author_300326,18,15,418
741,22913,Author_22913,18,13,1635
742,35123,Author_35123,18,15,419
743,251436,Author_251436,18,15,415
744,123052,Author_123052,18,16,201
745,289569,Author_289569,18,14,838
746,243769,Author_243769,18,15,433
747,129291,Author_129291,18,15,451
748,203957,Author_203957,18,14,831
749,111975,Author_111975,18,15,413
750,230354,Author_230354,18,13,1603
751,196272,Author_196272,18,15,456
752,198552,Author_198552,18,13,1646
753,82752,Author_82752,18,14,852
754,42553,Author_42553,18,14,824
755,231525,Author_231525,18,16,219
756,245630,Author_245630,18,14,840
757,6920,Author_06920,18,15,434
758,52284,Author_52284,18,15,424
759,175573,Author_175573,18,13,1689
760,158952,Author_158952,18,14,855
761,104612,Author_104612,18,13,1649
762,165922,Author_165922,18,16,199
763,212157,Author_212157,18,15,427
764,286559,Author_286559,18,14,862
765,67284,Author_67284,18,15,443
766,193072,Author_193072,18,15,436
767,98913,Author_98913,18,15,495
768,190885,Author_190885,18,14,853
769,232632,Author_232632,18,14,882
770,7077,Author_07077,18,15,428
771,139419,Author_139419,18,14,857
772,20018,Author_20018,18,16,220
773,100657,Author_100657,18,14,861
774,279752,Author_279752,18,13,1756
775,103682,Author_103682,18,15,468
776,222866,Author_222866,18,15,465
777,290387,Author_290387,18,13,1711
778,225,Author_00225,18,13,1716
779,267097,Author_267097,18,15,447
780,149861,Author_149861,18,14,837
781,76927,Author_76927,18,15,448
782,234440,Author_234440,18,13,1661
783,48046,Author_48046,18,15,489
784,221611,Author_221611,18,13,1700
785,291078,Author_291078,18,13,1695
786,297464,Author_297464,18,14,877
787,130356,Author_130356,18,15,471
788,49434,Author_49434,18,17,114
789,50579,Author_50579,18,13,1724
790,204959,Author_204959,18,14,893
791,150468,Author_150468,18,15,482
792,156549,Author_156549,18,14,907
793,138477,Author_138477,18,14,925
794,82971,Author_82971,18,13,1777
795,27135,Author_27135,18,14,928
796,72377,Author_72377,18,14,923
797,113126,Author_113126,18,15,492
798,189617,Author_189617,18,13,1750
799,236252,Author_236252,18,14,896
800,293118,Author_293118,18,14,880
801,162331,Author_162331,18,14,902
802,249228,Author_249228,18,15,478
803,51973,Author_51973,18,16,231
804,294696,Author_294696,18,13,1703
805,159524,Author_159524,18,15,483
806,93092,Author_93092,18,12,3383
807,263259,Author_263259,18,14,886
808,300166,Author_300166,18,16,233
809,14544,Author_14544,18,14,950
810,34288,Author_34288,18,14,885
811,107833,Author_107833,18,14,888
812,183987,Author_183987,18,15,477
813,54616,Author_54616,18,14,922
814,142634,Author_142634,18,14,920
815,150212,Author_150212,18,14,924
816,132842,Author_132842,18,14,901
817,94372,Author_94372,18,15,472
818,170172,Author_170172,18,15,518
819,63842,Author_63842,18,14,966
820,117140,Author_117140,18,16,259
821,196787,Author_196787,18,15,523
822,295795,Author_295795,18,14,937
823,222231,Author_222231,18,14,906
824,54355,Author_54355,18,15,462
825,190605,Author_190605,18,14,943
826,165297,Author_165297,18,13,1800
827,100359,Author_100359,18,14,994
828,72952,Author_72952,18,15,473
829,95806,Author_95806,18,15,454
830,176117,Author_176117,18,13,1825
831,249888,Author_249888,18,13,1798
832,247234,Author_247234,18,13,1789
833,180566,Author_180566,18,14,932
834,56672,Author_56672,18,13,1731
835,1443,Author_01443,18,13,1823
836,298562,Author_298562,18,14,969
837,95706,Author_95706,18,15,446
838,64479,Author_64479,18,15,519
839,218137,Author_218137,18,13,1803
840,205905,Author_205905,18,13,1911
841,19230,Author_19230,18,15,502
842,167691,Author_167691,18,14,936
843,288137,Author_288137,18,14,986
844,73951,Author_73951,18,14,935
845,200015,Author_200015,18,14,918
846,98047,Author_98047,18,15,484
847,148439,Author_148439,18,14,939
848,149041,Author_149041,18,14,976
849,203357,Author_203357,18,14,911
850,3950,Author_03950,18,16,286
851,17693,Author_17693,18,13,1824
852,275220,Author_275220,18,15,513
853,300804,Author_300804,18,16,245
854,236626,Author_236626,18,15,553
855,81038,Author_81038,18,14,1007
856,106766,Author_106766,18,13,1890
857,32538,Author_32538,18,14,946
858,187187,Author_187187,18,15,610
859,161829,Author_161829,18,15,584
860,67562,Author_67562,18,14,948
861,91193,Author_91193,18,15,510
862,16667,Author_16667,18,14,1127
863,34911,Author_34911,18,15,552
864,225710,Author_225710,18,15,567
865,161136,Author_161136,18,14,1076
866,198057,Author_198057,18,14,996
867,214857,Author_214857,18,14,1069
868,27259,Author_27259,18,13,1862
869,144946,Author_144946,18,15,551
870,273173,Author_273173,18,14,1048
871,98769,Author_98769,18,14,1058
872,63014,Author_63014,18,15,555
873,266618,Author_266618,18,16,296
874,224129,Author_224129,18,15,617
875,93254,Author_93254,18,12,3498
876,278298,Author_278298,18,12,3426
877,82019,Author_82019,18,14,988
878,17395,Author_17395,18,15,590
879,112746,Author_112746,18,13,1912
880,65705,Author_65705,18,13,2003
881,130034,Author_130034,18,13,1940
882,132311,Author_132311,18,13,1980
883,238257,Author_238257,18,13,1905
884,77699,Author_77699,18,14,1103
885,191025,Author_191025,18,14,990
886,38215,Author_38215,18,14,1119
887,1993,Author_01993,18,13,1873
888,267960,Author_267960,18,15,562
889,72279,Author_72279,18,13,1969
890,99433,Author_99433,18,13,1875
891,145756,Author_145756,18,15,561
892,264787,Author_264787,18,13,1929
893,282016,Author_282016,18,13,1864
894,193947,Author_193947,18,14,1049
895,7501,Author_07501,18,13,1907
896,54473,Author_54473,18,14,1019
897,148030,Author_148030,18,14,1108
898,285083,Author_285083,18,15,568
899,298861,Author_298861,18,15,620
900,85669,Author_85669,18,14,1235
901,139461,Author_139461,18,12,3551
902,14674,Author_14674,18,13,1889
903,292558,Author_292558,18,13,1981
904,91709,Author_91709,18,15,546
905,3667,Author_03667,18,16,317
906,46734,Author_46734,18,13,1840
907,139630,Author_139630,18,13,1801
908,299931,Author_299931,18,14,1008
909,128669,Author_128669,18,14,1034
910,209908,Author_209908,18,14,1184
911,78686,Author_78686,18,13,1957
912,185195,Author_185195,18,14,1017
913,17863,Author_17863,18,14,1115
914,244632,Author_244632,18,14,1068
915,267012,Author_267012,18,14,970
916,267680,Author_267680,18,14,1032
917,219662,Author_219662,18,16,311
918,77383,Author_77383,18,13,1983
919,98530,Author_98530,18,14,1020
920,100664,Author_100664,18,15,639
921,263088,Author_263088,18,14,1042
922,281119,Author_281119,18,14,1072
923,75852,Author_75852,18,14,1071
924,246650,Author_246650,18,14,1144
925,76354,Author_76354,18,14,1152
926,282532,Author_282532,18,15,623
927,138379,Author_138379,18,14,1161
928,269974,Author_269974,18,16,334
929,94228,Author_94228,18,13,1967
930,126997,Author_126997,18,14,1199
931,202559,Author_202559,18,15,628
932,89868,Author_89868,18,13,1977
933,254993,Author_254993,18,14,1059
934,100882,Author_100882,18,12,3547
935,229541,Author_229541,18,14,980
936,32603,Author_32603,18,13,2031
937,30529,Author_30529,18,13,1992
938,72552,Author_72552,18,15,650
939,26509,Author_26509,18,15,653
940,178463,Author_178463,18,14,1109
941,185348,Author_185348,18,14,1064
942,292695,Author_292695,18,15,534
943,143260,Author_143260,18,14,1083
944,197353,Author_197353,18,14,1180
945,296209,Author_296209,18,14,1153
946,93567,Author_93567,18,14,1128
947,184486,Author_184486,18,14,1054
948,228905,Author_228905,18,14,1175
949,3904,Author_03904,18,14,1151
950,195892,Author_195892,18,13,2047
951,122682,Author_122682,18,14,1159
952,50298,Author_50298,18,16,277
953,253204,Author_253204,18,14,1066
954,241803,Author_241803,18,13,2078
955,237059,Author_237059,18,14,1154
956,29254,Author_29254,18,14,1136
957,280791,Author_280791,18,14,1145
958,133756,Author_133756,18,13,2072
959,88142,Author_88142,18,14,1158
960,168702,Author_168702,18,16,340
961,147416,Author_147416,18,15,663
962,56867,Author_56867,18,13,2066
963,169646,Author_169646,18,14,1143
964,120823,Author_120823,18,14,1147
965,119254,Author_119254,18,14,1082
966,120463,Author_120463,18,12,3691
967,23293,Author_23293,18,13,2062
968,70211,Author_70211,18,14,1173
969,213727,Author_213727,18,17,158
970,257485,Author_257485,18,14,1038
971,257497,Author_257497,18,14,1207
972,277268,Author_277268,18,14,1195
973,123046,Author_123046,18,13,2027
974,3357,Author_03357,18,13,2347
975,29514,Author_29514,18,14,1210
976,213257,Author_213257,18,14,1074
977,2100,Author_02100,18,13,2141
978,36141,Author_36141,18,14,1138
979,215876,Author_215876,18,14,1374
980,157248,Author_157248,18,15,637
981,34458,Author_34458,18,14,1257
982,36275,Author_36275,18,15,699
983,269682,Author_269682,18,13,2251
984,16134,Author_16134,18,15,705
985,41378,Author_41378,18,15,647
986,14526,Author_14526,18,14,1277
987,199441,Author_199441,18,14,1203
988,234937,Author_234937,18,14,1250
989,258508,Author_258508,18,15,633
990,107163,Author_107163,18,14,1241
991,247882,Author_247882,18,14,1279
992,63266,Author_63266,18,14,1321
993,131812,Author_131812,18,13,2211
994,192031,Author_192031,18,14,1197
995,244104,Author_244104,18,13,2363
996,69260,Author_69260,18,14,1227
997,6166,Author_06166,18,15,651
998,195736,Author_195736,18,14,1258
999,82957,Author_82957,18,13,2106
1000,255306,Author_255306,18,14,1264
