rank,author_id,h_baseline,h_pagerank,delta_h,rel_pct,num_publications,kudos_ratio
1,4055467,73,213,140,191.8,510,11.97
2,11324641,84,220,136,161.9,731,11.24
3,122408,101,222,121,119.8,534,8.84
4,10033469,73,193,120,164.4,549,27.37
5,9737076,130,249,119,91.5,1549,4.13
6,10499811,72,190,118,163.9,399,20.72
7,593164,105,207,102,97.1,410,15.04
8,10609551,52,154,102,196.2,358,19.26
9,10039471,72,173,101,140.3,591,11.9
10,962457,59,154,95,161.0,213,42.32
11,1799836,74,168,94,127.0,376,16.68
12,1206661,48,140,92,191.7,219,143.44
13,10707138,100,189,89,89.0,283,19.17
14,7529471,95,184,89,93.7,405,10.04
15,723668,39,128,89,228.2,180,77.66
16,8772248,126,211,85,67.5,1051,5.44
17,751135,111,196,85,76.6,1199,4.33
18,3332575,72,157,85,118.1,372,32.66
19,8960140,44,129,85,193.2,298,20.7
20,10496266,80,159,79,98.8,241,14.38
21,121438,74,153,79,106.8,348,14.61
22,8223761,64,142,78,121.9,379,5.12
23,9550046,51,129,78,152.9,313,9.84
24,4101734,147,224,77,52.4,517,6.5
25,13563834,86,163,77,89.5,407,9.29
26,1535826,69,146,77,111.6,258,36.61
27,2654630,63,140,77,122.2,237,32.48
28,10737874,52,128,76,146.2,251,174.19
29,2010693,52,128,76,146.2,238,36.16
30,10460530,48,124,76,158.3,281,12.7
31,11141767,61,136,75,123.0,259,85.11
32,9176937,58,133,75,129.3,349,9.2
33,10077178,48,123,75,156.2,204,61.99
34,11654734,76,150,74,97.4,241,28.16
35,3181113,27,101,74,274.1,134,116.84
36,5808178,80,153,73,91.2,450,2.8
37,11312621,66,139,73,110.6,223,46.96
38,11562409,55,128,73,132.7,189,32.57
39,5317349,115,187,72,62.6,332,15.62
40,4773878,74,146,72,97.3,543,5.34
41,2882514,60,132,72,120.0,262,10.21
42,1035563,44,115,71,161.4,182,60.75
43,13618830,35,106,71,202.9,276,28.16
44,13645591,26,97,71,273.1,151,713.75
45,10139450,99,169,70,70.7,312,6.99
46,8028520,68,138,70,102.9,311,9.7
47,3523312,67,137,70,104.5,190,23.55
48,2691028,62,132,70,112.9,223,15.79
49,11334084,60,130,70,116.7,195,57.02
50,7885837,50,120,70,140.0,251,27.17
