rank,author_id,h_baseline,h_katz,delta_h,rel_pct,num_publications,kudos_ratio
1,5030158,20,17,-3,-15.0,20,0.08
2,4213611,22,18,-4,-18.2,36,0.15
3,13256191,21,17,-4,-19.0,22,0.06
4,2148390,25,20,-5,-20.0,33,0.08
5,13705056,20,16,-4,-20.0,24,0.08
6,10223255,20,16,-4,-20.0,21,0.28
7,5193574,22,17,-5,-22.7,28,0.12
8,3090396,26,20,-6,-23.1,33,0.05
9,12087059,21,16,-5,-23.8,26,0.07
10,8407322,25,19,-6,-24.0,43,0.12
11,5902922,25,19,-6,-24.0,27,0.06
12,4703305,25,19,-6,-24.0,53,0.12
13,920183,20,15,-5,-25.0,23,0.07
14,6309630,20,15,-5,-25.0,21,0.06
15,11815159,20,15,-5,-25.0,20,0.1
16,8931815,23,17,-6,-26.1,23,0.09
17,11710036,26,19,-7,-26.9,28,0.16
18,13534764,22,16,-6,-27.3,44,0.08
19,4919859,22,16,-6,-27.3,33,0.19
20,12099714,22,16,-6,-27.3,26,0.19
21,2009787,29,21,-8,-27.6,39,0.04
22,4528420,21,15,-6,-28.6,25,0.09
23,12209690,21,15,-6,-28.6,24,0.19
24,2581089,24,17,-7,-29.2,33,0.09
25,7725291,27,19,-8,-29.6,27,0.18
26,7708756,20,14,-6,-30.0,21,0.06
27,1416629,20,14,-6,-30.0,21,0.09
28,10288472,20,14,-6,-30.0,20,0.11
29,4135875,20,14,-6,-30.0,21,0.07
30,10374830,23,16,-7,-30.4,24,0.1
31,7374273,23,16,-7,-30.4,46,0.18
32,10052995,22,15,-7,-31.8,45,0.06
33,11305816,22,15,-7,-31.8,41,0.11
34,7252926,22,15,-7,-31.8,24,0.16
35,956990,22,15,-7,-31.8,24,0.17
36,12488644,25,17,-8,-32.0,35,0.08
37,12707688,25,17,-8,-32.0,36,0.09
38,1028844,25,17,-8,-32.0,28,0.13
39,4263920,30,20,-10,-33.3,33,0.08
40,11475034,27,18,-9,-33.3,36,0.07
41,4255944,27,18,-9,-33.3,32,0.05
42,1116569,27,18,-9,-33.3,53,0.13
43,12951876,27,18,-9,-33.3,38,0.18
44,4709723,24,16,-8,-33.3,26,0.07
45,1858343,24,16,-8,-33.3,36,0.06
46,10146533,24,16,-8,-33.3,30,0.05
47,12051453,21,14,-7,-33.3,23,0.07
48,913986,21,14,-7,-33.3,22,0.06
49,12915876,21,14,-7,-33.3,27,0.14
50,6819695,21,14,-7,-33.3,24,0.22
