author_id,h_index_baseline,h_index_pagerank,delta_h,rank_baseline,rank_pagerank,delta_rank,num_publications
4055467,73,213,140,13664,11,13653,510
11324641,84,220,136,7513,8,7505,731
122408,101,222,121,3066,7,3059,534
10033469,73,193,120,13555,21,13534,549
9737076,130,249,119,730,3,727,1549
10499811,72,190,118,14518,23,14495,399
593164,105,207,102,2520,13,2507,410
10609551,52,154,102,46510,80,46430,358
10039471,72,173,101,14079,42,14037,591
962457,59,154,95,31052,79,30973,213
1799836,74,168,94,12895,50,12845,376
1206661,48,140,92,60926,129,60797,219
10707138,100,189,89,3227,25,3202,283
7529471,95,184,89,4321,29,4292,405
723668,39,128,89,112817,213,112604,180
8772248,126,211,85,899,12,887,1051
751135,111,196,85,1831,19,1812,1199
3332575,72,157,85,14052,71,13981,372
8960140,44,129,85,78287,204,78083,298
10496266,80,159,79,9263,69,9194,241
121438,74,153,79,12930,84,12846,348
8223761,64,142,78,22734,124,22610,379
9550046,51,129,78,48834,205,48629,313
4101734,147,224,77,362,6,356,517
13563834,86,163,77,6757,58,6699,407
1535826,69,146,77,16985,104,16881,258
2654630,63,140,77,24407,130,24277,237
10737874,52,128,76,47677,211,47466,251
2010693,52,128,76,47978,214,47764,238
10460530,48,124,76,61375,248,61127,281
