rank_baseline,author_id,h_index_baseline,h_index_pagerank,delta_h,delta_rank,num_publications
1,2909828,288,190,-98,-23,2173
2,2036634,252,188,-64,-24,927
3,3118255,252,167,-85,-49,584
4,3905565,249,130,-119,-198,1253
5,6558419,248,177,-71,-33,849
6,9772016,245,113,-132,-368,2466
7,6795552,245,173,-72,-37,1273
8,8784928,242,162,-80,-53,735
9,11384487,241,94,-147,-876,1653
10,3566237,235,128,-107,-209,1805
11,5187963,234,101,-133,-627,1527
12,12709842,233,135,-98,-143,1288
13,3078355,230,229,-1,8,1202
14,9516779,228,172,-56,-32,1307
15,10683466,222,132,-90,-171,1024
16,3546501,222,159,-63,-54,1350
17,13091167,220,131,-89,-179,1337
18,2986463,218,257,39,16,1599
19,7019150,216,112,-104,-378,783
20,6990667,215,135,-80,-140,1341
21,11922989,214,100,-114,-642,1322
22,8815400,213,146,-67,-86,681
23,4498000,211,108,-103,-440,1065
24,13120003,211,164,-47,-30,1405
25,6009653,211,201,-10,8,1045
26,12239711,211,108,-103,-439,878
27,4013524,211,175,-36,-14,839
28,9642557,209,145,-64,-82,1728
29,101090,209,257,48,28,782
30,3303308,206,148,-58,-72,1152
31,1127410,206,81,-125,-1648,1004
32,12452097,205,92,-113,-951,1157
33,9964935,205,90,-115,-1043,885
34,1497768,204,127,-77,-200,1155
35,7811568,203,97,-106,-738,817
36,7945633,203,156,-47,-38,1028
37,908173,202,107,-95,-447,2535
38,4226882,202,214,12,28,556
39,10928932,201,112,-89,-357,2036
40,7708141,201,141,-60,-87,651
41,2132626,201,100,-101,-632,679
42,10020021,200,116,-84,-295,1093
43,1898713,200,206,6,28,474
44,13391059,198,79,-119,-1791,1825
45,2752276,198,108,-90,-419,953
46,5802147,198,109,-89,-395,1087
47,12064581,198,72,-126,-2640,983
48,3443989,197,138,-59,-92,727
49,1787155,195,125,-70,-195,683
50,12885095,194,124,-70,-201,639
51,13718786,194,84,-110,-1371,734
52,2398791,194,121,-73,-234,537
53,8375151,194,97,-97,-723,921
54,3653795,193,173,-20,11,1097
55,12504769,192,111,-81,-353,1075
56,8169729,190,118,-72,-262,978
57,3063839,190,87,-103,-1169,1271
58,8077292,190,79,-111,-1797,1254
59,12977538,190,110,-80,-371,687
60,5639696,189,156,-33,-12,442
61,12709092,189,86,-103,-1221,1597
62,9553359,189,87,-102,-1181,796
63,13103046,189,164,-25,8,974
64,13032220,188,99,-89,-626,561
65,2579314,188,90,-98,-998,1433
66,6826428,188,89,-99,-1036,1667
67,11083570,188,99,-89,-635,854
68,8456779,188,138,-50,-74,370
69,12943379,187,77,-110,-1969,1525
70,13673999,187,81,-106,-1599,1147
71,8649812,186,103,-83,-506,1278
72,8435304,185,126,-59,-170,1414
73,12537065,185,120,-65,-222,1103
74,2563296,185,98,-87,-660,654
75,9665806,185,127,-58,-155,636
76,7733186,184,83,-101,-1428,1148
77,7738768,184,206,22,63,613
78,6755308,184,88,-96,-1080,1258
79,5031730,183,122,-61,-195,1482
80,1204811,183,62,-121,-4622,1141
81,12792640,183,134,-49,-86,724
82,9252184,182,90,-92,-984,641
83,8555229,181,96,-85,-723,1015
84,3232452,181,133,-48,-94,1282
85,8567115,180,83,-97,-1417,1573
86,11758319,179,87,-92,-1137,1479
87,3052931,179,124,-55,-168,365
88,985018,179,99,-80,-606,916
89,3653221,179,111,-68,-324,1547
90,12748302,178,144,-34,-26,763
91,11062698,177,128,-49,-131,705
92,1690800,176,126,-50,-149,2763
93,4220000,176,82,-94,-1501,1060
94,7898192,176,205,29,78,1277
95,6358547,176,136,-40,-58,1348
96,66436,176,131,-45,-98,807
97,4824452,175,86,-89,-1196,555
98,9663796,175,95,-80,-741,964
99,2049097,174,71,-103,-2695,1853
100,2879564,174,139,-35,-34,645
101,1414397,174,149,-25,2,793
102,6853236,174,164,-10,46,581
103,8197217,174,117,-57,-225,498
104,12580511,173,121,-52,-180,743
105,821788,173,70,-103,-2889,721
106,11237548,173,94,-79,-785,1109
107,11095942,173,96,-77,-701,1268
108,3234892,173,86,-87,-1191,1227
109,6500557,172,83,-89,-1402,1258
110,105101,172,89,-83,-990,1232
111,11615886,172,154,-18,29,896
112,7703871,172,59,-113,-5577,711
113,9238635,172,104,-68,-437,791
114,1644939,171,75,-96,-2174,719
115,6671105,171,111,-60,-297,604
116,4479236,170,124,-46,-140,489
117,8463126,170,57,-113,-6206,2121
118,9799654,170,108,-62,-344,514
119,3966887,170,85,-85,-1240,458
120,1816213,169,91,-78,-886,1285
121,472781,169,82,-87,-1477,798
122,1360463,169,87,-82,-1108,868
123,4801700,169,60,-109,-5200,1358
124,4468912,169,89,-80,-988,620
125,13229925,169,90,-79,-952,994
126,671306,169,105,-64,-404,1056
127,11831050,169,153,-16,40,676
128,2260002,169,109,-60,-317,536
129,9886262,169,127,-42,-103,473
130,8066685,168,71,-97,-2698,928
131,12237274,168,232,64,127,1038
132,5422420,168,163,-5,75,465
133,11081471,168,146,-22,24,1253
134,2960952,168,84,-84,-1311,767
135,7909688,168,105,-63,-392,541
136,11891718,167,89,-78,-972,858
137,2885945,167,87,-80,-1072,472
138,2460564,167,142,-25,16,499
139,2465983,167,110,-57,-288,1355
140,8614840,167,151,-16,46,558
141,11789899,167,136,-31,-11,1071
142,9427293,167,143,-24,22,544
143,5312840,167,65,-102,-3811,500
144,5165833,166,79,-87,-1695,988
145,10987843,166,143,-23,26,613
146,3154408,166,84,-82,-1294,1853
147,4898397,166,65,-101,-3800,773
148,6680173,166,92,-74,-831,1479
149,13690353,166,130,-36,-52,447
150,2027962,166,119,-47,-153,906
151,11188688,166,66,-100,-3625,683
152,7425343,166,114,-52,-210,575
153,9067721,165,115,-50,-192,855
154,6724779,165,125,-40,-92,733
155,6312414,165,65,-100,-3787,1277
156,2701585,165,76,-89,-2024,1031
157,1549041,165,76,-89,-2034,962
158,9635713,165,103,-62,-414,377
159,5181920,164,69,-95,-2920,3865
160,7961189,164,101,-63,-479,383
161,12611655,164,60,-104,-5206,482
162,13248739,164,71,-93,-2647,1172
163,4995275,164,85,-79,-1187,394
164,1178692,164,117,-47,-160,367
165,11751146,164,83,-81,-1340,698
166,5306143,164,103,-61,-415,1036
167,6837858,164,87,-77,-1058,1188
168,3427110,164,67,-97,-3379,792
169,4074180,164,72,-92,-2440,687
170,7978331,164,100,-64,-502,697
171,13104577,164,68,-96,-3207,719
172,11214711,164,77,-87,-1882,1075
173,10627261,164,139,-25,37,548
174,237762,163,193,30,152,836
175,7798789,163,90,-73,-900,1380
176,7805689,163,120,-43,-120,1266
177,6003655,163,83,-80,-1331,1190
178,4861431,163,86,-77,-1130,412
179,2776191,162,80,-82,-1583,1777
180,8755657,162,76,-86,-1972,1029
181,3421764,162,64,-98,-3992,1383
182,3251246,162,80,-82,-1571,928
183,11718556,162,121,-41,-102,844
184,1560583,162,76,-86,-1998,572
185,5181155,162,71,-91,-2684,912
186,5835021,162,88,-74,-981,482
187,8860077,161,180,19,154,888
188,12887932,161,82,-79,-1420,669
189,1809847,161,64,-97,-4047,719
190,1181300,161,151,-10,93,592
191,2483920,160,160,0,126,492
192,8005973,160,82,-78,-1407,340
193,556651,160,82,-78,-1389,1366
194,7493207,160,112,-48,-204,1793
195,10794292,160,70,-90,-2779,1595
196,3479577,160,114,-46,-162,776
197,6225476,160,76,-84,-1930,922
198,11172599,160,87,-73,-1020,553
199,10118333,160,129,-31,-7,539
200,5089676,159,90,-69,-860,289
201,582870,159,87,-72,-993,329
202,11465499,159,105,-54,-323,435
203,4101466,159,144,-15,89,552
204,3459958,159,107,-52,-278,837
205,3809384,159,98,-61,-533,443
206,8041858,159,78,-81,-1741,1645
207,11001177,159,82,-77,-1395,1550
208,9171307,159,118,-41,-111,815
209,7813478,159,95,-64,-628,405
210,8017595,159,86,-73,-1091,826
211,135874,159,70,-89,-2827,601
212,9624370,158,72,-86,-2453,2081
213,11723599,158,80,-78,-1537,1410
214,4774013,158,97,-61,-550,729
215,11041206,158,76,-82,-1938,669
216,490297,158,66,-92,-3553,874
217,7014758,158,71,-87,-2635,833
218,4961259,158,105,-53,-315,908
219,6088022,158,71,-87,-2636,600
220,10586408,157,107,-50,-267,542
221,4935977,157,64,-93,-3963,1098
222,7569995,157,60,-97,-5077,1094
223,9725375,157,94,-63,-660,745
224,4740827,157,165,8,171,523
225,4709876,157,75,-82,-2068,824
226,169530,157,73,-84,-2330,1281
227,10370425,157,156,-1,154,1297
228,4088575,157,100,-57,-432,1680
229,2325531,157,116,-41,-109,625
230,10128707,157,85,-72,-1124,624
231,9054802,157,84,-73,-1217,391
232,7104680,157,133,-24,60,585
233,6731879,156,93,-63,-683,380
234,11514652,156,94,-62,-645,1490
235,8679580,156,88,-68,-921,563
236,11012791,156,59,-97,-5434,1124
237,6870015,156,96,-60,-573,938
238,6052377,156,80,-76,-1520,401
239,11055524,156,84,-72,-1207,835
240,801139,156,101,-55,-402,408
241,7463923,156,88,-68,-931,1091
242,4415660,156,134,-22,76,402
243,9043796,156,78,-78,-1736,959
244,10509641,156,120,-36,-54,923
245,3981634,156,107,-49,-246,500
246,6470877,156,96,-60,-561,1067
247,2745601,156,95,-61,-596,440
248,10218082,156,91,-65,-770,438
249,7512878,155,78,-77,-1682,3258
250,8693805,155,63,-92,-4165,2021
251,8879664,155,55,-100,-6942,1720
252,4161887,155,108,-47,-215,538
253,594134,155,102,-53,-355,428
254,10542938,155,112,-43,-145,1658
255,4856924,155,83,-72,-1242,1376
256,11337892,155,78,-77,-1718,970
257,322195,155,66,-89,-3493,564
258,3869622,155,73,-82,-2305,657
259,4892116,155,132,-23,71,731
260,1975725,155,59,-96,-5468,718
261,11521821,155,86,-69,-1054,402
262,3983375,154,82,-72,-1324,672
263,8686107,154,87,-67,-972,1050
264,13684795,154,66,-88,-3443,1309
265,10209666,154,60,-94,-5108,959
266,7204989,154,107,-47,-224,897
267,5331423,154,65,-89,-3762,783
268,8570362,154,120,-34,-29,426
269,7159174,154,108,-46,-201,641
270,6585549,154,105,-49,-265,382
271,3180855,153,105,-48,-246,445
272,12069290,153,64,-89,-3891,2128
273,2658409,153,78,-75,-1694,1137
274,4711920,153,86,-67,-993,658
275,865370,153,220,67,266,903
276,7480960,153,70,-83,-2711,1236
277,6453968,153,56,-97,-6779,433
278,11776138,153,74,-79,-2148,1130
279,4024057,153,114,-39,-84,506
280,746540,153,152,-1,189,837
281,13491348,153,91,-62,-739,828
282,9731660,152,79,-73,-1558,1026
283,6535423,152,72,-80,-2379,539
284,10015265,152,75,-77,-2014,711
285,12555196,152,70,-82,-2696,1119
286,166990,152,59,-93,-5422,606
287,1242573,152,66,-86,-3417,633
288,6424941,152,90,-62,-771,700
289,13659634,152,68,-84,-3078,364
290,4849823,152,75,-77,-2034,644
291,12629806,152,135,-17,132,441
292,6505239,152,63,-89,-4246,724
293,5078543,151,88,-63,-847,404
294,10222543,151,59,-92,-5342,1316
295,12675874,151,82,-69,-1297,999
296,934687,151,116,-35,-39,882
297,10851275,151,127,-24,62,1087
298,7170358,151,73,-78,-2285,534
299,1464061,151,78,-73,-1639,578
300,7899061,151,132,-19,113,845
301,6977461,151,85,-66,-1026,429
302,12017134,151,76,-75,-1841,517
303,9338435,151,108,-43,-168,637
304,13491536,150,85,-65,-1047,486
305,8794486,150,74,-76,-2091,652
306,8736088,150,81,-69,-1361,719
307,12036667,150,90,-60,-751,439
308,2031834,150,62,-88,-4443,1053
309,1922765,150,119,-31,9,380
310,13039147,150,89,-61,-793,473
311,13235419,150,81,-69,-1376,992
312,1648624,150,76,-74,-1887,552
313,5380972,149,75,-74,-1948,1372
314,8140432,149,56,-93,-6584,538
315,3829461,149,42,-107,-16790,2048
316,9891695,149,62,-87,-4446,828
317,12248926,149,64,-85,-3913,910
318,1091390,149,93,-56,-617,1040
319,2795506,149,161,12,257,1105
320,11706030,149,99,-50,-373,872
321,5023184,149,100,-49,-347,977
322,5024671,149,98,-51,-411,920
323,9693135,149,106,-43,-177,459
324,581753,149,120,-29,31,627
325,634539,149,103,-46,-249,482
326,969703,149,70,-79,-2628,729
327,2980459,149,108,-41,-127,363
328,5572671,148,101,-47,-298,553
329,4447470,148,85,-63,-1001,715
330,9308643,148,133,-15,160,433
331,10476158,148,108,-40,-137,633
332,11202602,148,81,-67,-1333,856
333,11011273,148,121,-27,51,391
334,8360480,148,73,-75,-2212,1121
335,7297836,148,103,-45,-241,338
336,9457498,148,66,-82,-3397,428
337,10318924,148,196,48,317,1877
338,3414669,148,92,-56,-632,451
339,813880,148,54,-94,-7527,577
340,11788229,148,61,-87,-4739,870
341,13046665,148,88,-60,-829,654
342,10579853,148,54,-94,-7407,910
343,10099792,148,59,-89,-5371,805
344,10801873,148,62,-86,-4491,875
345,799233,148,71,-77,-2538,492
346,3978719,148,64,-84,-3970,721
347,8086929,148,70,-78,-2692,680
348,12995966,148,95,-53,-502,533
349,2468788,147,59,-88,-5290,1190
350,5660226,147,56,-91,-6427,1272
351,10761065,147,105,-42,-177,974
352,8085036,147,93,-54,-573,1126
353,12203369,147,45,-102,-13648,1274
354,2840520,147,58,-89,-5703,1066
355,9683503,147,95,-52,-487,1202
356,773954,147,104,-43,-191,395
357,8542601,147,58,-89,-5723,596
358,4463879,147,92,-55,-619,336
359,1862434,147,65,-82,-3615,662
360,3358870,147,58,-89,-5613,750
361,4323104,147,80,-67,-1360,456
362,4101734,147,224,77,356,517
363,8738144,146,112,-34,-32,379
364,8115288,146,128,-18,148,495
365,11063113,146,73,-73,-2156,1239
366,6568216,146,78,-68,-1590,789
367,5054989,146,62,-84,-4353,1319
368,6722165,146,78,-68,-1601,1007
369,6922052,146,135,-11,212,618
370,8894253,146,76,-70,-1791,1179
371,6880726,146,72,-74,-2361,579
372,6639896,146,60,-86,-5023,489
373,5231410,146,75,-71,-1945,908
374,9424666,146,60,-86,-5135,530
375,6563944,146,77,-69,-1691,657
376,13163956,146,145,-1,263,541
377,10062121,146,80,-66,-1414,623
378,2295401,146,169,23,329,746
379,9625704,145,114,-31,14,461
380,12169351,145,109,-36,-63,695
381,13458359,145,80,-65,-1375,943
382,3332484,145,78,-67,-1564,1632
383,12929157,145,59,-86,-5240,1510
384,12637545,145,77,-68,-1673,1502
385,9969692,145,82,-63,-1210,646
386,3437423,145,129,-16,183,409
387,850749,145,121,-24,106,349
388,4359941,145,97,-48,-379,577
389,7634095,145,79,-66,-1465,677
390,10272637,145,70,-75,-2543,1017
391,1502835,145,73,-72,-2158,728
392,8156850,145,92,-53,-590,521
393,13566595,145,96,-49,-419,378
394,10206442,145,140,-5,263,302
395,7248794,145,84,-61,-1040,504
396,3183171,145,63,-82,-4119,625
397,8346761,145,106,-39,-113,413
398,13149009,144,60,-84,-4907,648
399,1822010,144,127,-17,170,475
400,5383568,144,78,-66,-1564,1000
401,13120868,144,57,-87,-5905,1728
402,11044805,144,78,-66,-1580,1085
403,10762827,144,74,-70,-2006,1002
404,11691208,144,64,-80,-3784,914
405,11016824,144,52,-92,-8334,1174
406,4517289,144,75,-69,-1909,610
407,5016052,144,71,-73,-2435,971
408,3234457,144,68,-76,-2977,699
409,6872121,144,187,43,381,556
410,6354336,144,90,-54,-661,725
411,7599636,144,73,-71,-2162,310
412,7588114,144,66,-78,-3300,1293
413,131737,143,83,-60,-1075,346
414,4808180,143,79,-64,-1436,1012
415,9974429,143,59,-84,-5284,778
416,5490285,143,92,-51,-571,438
417,5882197,143,80,-63,-1355,809
418,12751751,143,64,-79,-3829,656
419,9386249,143,76,-67,-1756,710
420,11208733,143,73,-70,-2141,523
421,4921825,143,135,-8,260,740
422,11064177,143,68,-75,-2920,752
423,7987482,143,53,-90,-7823,1304
424,11151604,143,64,-79,-3879,376
425,9945717,143,106,-37,-80,848
426,4753887,143,112,-31,35,778
427,257160,143,62,-81,-4446,549
428,7048619,143,57,-86,-6069,544
429,6953248,143,46,-97,-12789,822
430,8233431,143,88,-55,-734,281
431,239806,142,62,-80,-4256,1727
432,6632154,142,84,-58,-1006,748
433,8382816,142,74,-68,-1981,1026
434,2699514,142,67,-75,-3070,1522
435,6306647,142,61,-81,-4567,692
436,102068,142,59,-83,-5196,903
437,8456786,142,71,-71,-2422,739
438,4596262,142,98,-44,-288,1217
439,9477860,142,87,-55,-798,341
440,1783126,142,61,-81,-4646,470
441,2275911,142,69,-73,-2680,1082
442,3936543,142,85,-57,-914,1323
443,10935129,142,99,-43,-258,1571
444,3646933,142,65,-77,-3537,617
445,3850817,142,55,-87,-6799,916
446,11013929,142,183,41,415,354
447,3092815,142,176,34,407,558
448,1860982,142,65,-77,-3639,415
449,2268676,142,114,-28,83,581
450,4901910,142,131,-11,258,663
451,1784073,141,56,-85,-6303,1152
452,10263596,141,84,-57,-965,277
453,5570238,141,58,-83,-5542,1186
454,5644017,141,81,-60,-1218,997
455,8882255,141,124,-17,202,636
456,11955484,141,76,-65,-1722,1151
457,2850933,141,86,-55,-829,776
458,12105080,141,55,-86,-6862,776
459,471248,141,111,-30,49,384
460,6269580,141,67,-74,-3051,1035
461,1293946,141,66,-75,-3288,342
462,5858883,141,54,-87,-7293,1158
463,11731890,141,81,-60,-1178,700
464,7719400,141,77,-64,-1591,1179
465,7617876,141,131,-10,275,506
466,11389780,141,91,-50,-548,689
467,1503385,141,81,-60,-1231,313
468,689225,140,90,-50,-583,840
469,2526199,140,84,-56,-959,580
470,3766688,140,94,-46,-394,242
471,9315732,140,82,-58,-1122,796
472,11520814,140,57,-83,-5928,1133
473,9738976,140,75,-65,-1805,1615
474,1125251,140,96,-44,-345,729
475,8041099,140,66,-74,-3222,1696
476,2851955,140,97,-43,-295,640
477,1447564,140,90,-50,-601,794
478,6102629,140,53,-87,-7837,607
479,104283,140,123,-17,216,350
480,6189194,140,77,-63,-1576,904
481,5755120,139,95,-44,-352,281
482,2380914,139,98,-41,-236,1391
483,8283744,139,66,-73,-3177,1365
484,11721204,139,84,-55,-965,905
485,6476519,139,52,-87,-8248,1359
486,9600895,139,102,-37,-118,874
487,6576341,139,76,-63,-1675,671
488,6795558,139,70,-69,-2510,809
489,2319621,139,82,-57,-1114,837
490,5238027,139,65,-74,-3437,538
491,1158410,139,70,-69,-2535,626
492,6305099,139,61,-78,-4544,1093
493,1938122,139,96,-43,-321,969
494,5336568,139,77,-62,-1554,893
495,8068019,139,70,-69,-2540,847
496,2893288,139,57,-82,-5926,997
497,4216435,139,56,-83,-6468,741
498,11196681,139,54,-85,-7326,858
499,3051726,139,80,-59,-1266,659
500,250147,139,110,-29,68,493
501,3218548,138,67,-71,-3024,294
502,8169855,138,94,-44,-394,1312
503,11343707,138,58,-80,-5458,657
504,7741716,138,119,-19,198,751
505,7411820,138,52,-86,-8324,929
506,12300358,138,68,-70,-2784,478
507,8426744,138,92,-46,-469,488
508,2403426,138,72,-66,-2168,1046
509,9147425,138,86,-52,-797,1094
510,8841281,138,66,-72,-3269,496
511,8725898,138,183,45,479,637
512,4899356,138,113,-25,133,750
513,8210896,138,95,-43,-333,968
514,8912720,138,138,0,371,568
515,6609264,137,91,-46,-494,933
516,11843773,137,71,-66,-2291,799
517,6415132,137,93,-44,-414,1076
518,6388574,137,92,-45,-454,769
519,7943099,137,60,-77,-4847,720
520,6003788,137,58,-79,-5491,1154
521,2198854,137,48,-89,-11180,607
522,6486996,137,51,-86,-8839,1093
523,1672594,137,83,-54,-983,1523
524,1783956,137,80,-57,-1237,1225
525,13316561,137,102,-35,-75,604
526,7483890,137,58,-79,-5487,871
527,9134444,137,57,-80,-5899,409
528,2129620,137,71,-66,-2337,742
529,7283332,137,64,-73,-3700,982
530,9639727,137,87,-50,-683,527
531,11788401,137,81,-56,-1155,677
532,5417754,137,92,-45,-453,425
533,5520576,137,78,-59,-1461,604
534,12621161,137,112,-25,141,407
535,9605283,137,49,-88,-10242,610
536,509816,137,128,-9,311,592
537,8890940,137,67,-70,-3006,734
538,811427,137,139,2,403,384
539,2269569,137,123,-14,273,556
540,6051957,136,87,-49,-657,452
541,3090533,136,64,-72,-3667,1108
542,3808824,136,90,-46,-537,590
543,8744064,136,67,-69,-2930,348
544,587808,136,54,-82,-7240,752
545,7459416,136,59,-77,-5247,508
546,2572999,136,62,-74,-4268,695
547,13002384,136,61,-75,-4498,558
548,13080812,136,56,-80,-6273,1075
549,1706702,136,60,-76,-4842,612
550,7140362,136,73,-63,-2007,627
551,1969242,136,65,-71,-3455,484
552,11441644,136,62,-74,-4226,532
553,9322610,136,72,-64,-2106,374
554,2397923,136,79,-57,-1282,505
555,6608535,136,172,36,510,440
556,11462600,136,81,-55,-1135,663
557,4576087,136,88,-48,-590,305
558,12515950,136,45,-91,-13503,810
559,7053596,136,101,-35,-68,333
560,3870569,136,67,-69,-3005,612
561,6019599,136,103,-33,-2,588
562,12398209,136,125,-11,315,694
563,11647755,136,81,-55,-1110,761
564,6779401,136,142,6,441,688
565,8693252,136,69,-67,-2584,389
566,3072389,136,179,43,532,492
567,7857947,135,71,-64,-2239,1223
568,12120479,135,85,-50,-781,468
569,4183247,135,78,-57,-1394,868
570,5007106,135,86,-49,-722,720
571,6410157,135,63,-72,-3886,1154
572,4944262,135,75,-60,-1696,904
573,1341896,135,107,-28,93,382
574,8471580,135,68,-67,-2784,797
575,1647272,135,100,-35,-83,1275
576,13608647,135,74,-61,-1862,1053
577,11130391,135,103,-32,4,724
578,10449702,135,51,-84,-8862,696
579,5999551,135,58,-77,-5403,1481
580,8810744,135,122,-13,308,744
581,4838563,135,55,-80,-6773,799
582,12865354,135,92,-43,-399,737
583,3144174,135,81,-54,-1092,879
584,2715773,135,63,-72,-3952,594
585,10091561,135,70,-65,-2414,780
586,8268352,135,74,-61,-1848,583
587,1425678,135,95,-40,-251,414
588,10047510,135,72,-63,-2134,442
589,6040369,135,83,-52,-941,436
590,7452949,135,72,-63,-2044,549
591,1868219,134,62,-72,-4136,481
592,657676,134,86,-48,-692,2383
593,11078591,134,56,-78,-6169,919
594,9993404,134,65,-69,-3388,350
595,10491551,134,59,-75,-5020,1873
596,7251705,134,71,-63,-2266,643
597,8063411,134,69,-65,-2557,445
598,3955749,134,151,17,503,1347
599,9289760,134,52,-82,-8213,677
600,8708204,134,80,-54,-1181,755
601,4529787,134,79,-55,-1267,669
602,8316946,134,63,-71,-3892,583
603,11583021,134,53,-81,-7797,527
604,2697635,134,93,-41,-315,449
605,5271961,134,184,50,575,580
606,84410,134,79,-55,-1267,649
607,11015496,134,58,-76,-5476,528
608,10187361,134,87,-47,-638,721
609,8837594,134,106,-28,98,640
610,13332980,134,68,-66,-2712,330
611,6975392,134,70,-64,-2397,524
612,985750,134,69,-65,-2457,429
613,13715733,134,57,-77,-5902,728
614,7736586,134,71,-63,-2254,612
615,3245386,134,47,-87,-11845,541
616,3666024,134,79,-55,-1262,410
617,7225928,134,93,-41,-326,540
618,7689763,134,106,-28,111,275
619,7350785,133,78,-55,-1330,818
620,2655698,133,68,-65,-2732,698
621,12154668,133,63,-70,-3875,569
622,7594496,133,54,-79,-7181,899
623,9738056,133,76,-57,-1500,586
624,9377906,133,57,-76,-5742,1400
625,6299425,133,63,-70,-3863,867
626,13707061,133,51,-82,-8836,660
627,4810416,133,155,22,551,381
628,4867277,133,98,-35,-104,650
629,7036534,133,56,-77,-6316,419
630,1742796,133,72,-61,-2087,714
631,7938681,133,85,-48,-702,508
632,11370404,133,50,-83,-9464,829
633,7903380,133,75,-58,-1676,395
634,8170244,133,78,-55,-1295,695
635,8668512,133,67,-66,-2864,306
636,1713627,133,155,22,559,1397
637,3486995,133,88,-45,-514,589
638,9422404,133,115,-18,292,554
639,9221051,133,123,-10,375,583
640,5483222,133,95,-38,-208,719
641,4764454,133,82,-51,-949,895
642,6435505,133,60,-73,-4736,932
643,11380201,133,67,-66,-2872,712
644,5210112,133,84,-49,-815,582
645,3217749,133,48,-85,-11090,624
646,3609906,133,46,-87,-12884,432
647,11499573,133,90,-43,-433,298
648,5371014,133,54,-79,-7258,469
649,579225,132,77,-55,-1375,449
650,11680030,132,65,-67,-3249,474
651,13567623,132,78,-54,-1288,722
652,6688301,132,131,-1,459,640
653,391440,132,103,-29,83,382
654,4399470,132,86,-46,-649,1289
655,2076644,132,74,-58,-1728,510
656,4787608,132,60,-72,-4669,785
657,11882341,132,76,-56,-1499,712
658,7821394,132,79,-53,-1216,553
659,11396879,132,61,-71,-4378,1022
660,10677432,132,86,-46,-605,268
661,7508360,132,56,-76,-6278,458
662,2509027,132,199,67,644,678
663,13066778,132,80,-52,-1105,510
664,8426727,132,62,-70,-4170,673
665,3937506,132,102,-30,54,1041
666,10380431,132,64,-68,-3605,706
667,11487689,132,59,-73,-5002,822
668,3730327,132,83,-49,-860,590
669,6182612,132,56,-76,-6260,687
670,4253050,132,126,-6,431,586
671,2452123,132,39,-93,-21109,731
672,5927536,132,136,4,522,442
673,7167783,132,98,-34,-54,483
674,9043785,132,63,-69,-3908,310
675,13606153,132,127,-5,439,295
676,6971465,132,80,-52,-1106,677
677,4599122,132,46,-86,-12526,550
678,6019391,132,69,-63,-2538,403
679,12669591,131,83,-48,-837,425
680,11995675,131,64,-67,-3589,341
681,6596282,131,98,-33,-44,2200
682,2379844,131,168,37,631,598
683,9753501,131,68,-63,-2625,1306
684,4904211,131,91,-40,-329,891
685,12564436,131,56,-75,-6105,1017
686,3880529,131,56,-75,-6273,271
687,8740419,131,62,-69,-4022,871
688,1429883,131,74,-57,-1761,556
689,11770271,131,62,-69,-4110,860
690,9656186,131,61,-70,-4435,280
691,11895628,131,52,-79,-8106,1281
692,9361395,131,88,-43,-471,424
693,6221490,131,89,-42,-406,511
694,1133516,131,63,-68,-3872,523
695,2077437,131,78,-53,-1294,720
696,3988361,131,57,-74,-5724,835
697,9991,131,61,-70,-4343,522
698,11472473,131,56,-75,-6132,965
699,25449,131,49,-82,-10055,927
700,11467445,131,59,-72,-4976,722
701,4358691,131,49,-82,-10012,754
702,10260030,131,65,-66,-3315,923
703,2632386,131,113,-18,334,643
704,12130158,131,98,-33,-36,920
705,3927147,131,118,-13,388,667
706,8345627,131,108,-23,247,754
707,1874524,131,75,-56,-1597,678
708,7199561,131,57,-74,-5720,493
709,4335098,131,84,-47,-746,697
710,990085,131,110,-21,281,368
711,2955818,131,106,-25,203,416
712,395965,131,64,-67,-3515,399
713,406144,131,66,-65,-3002,411
714,1245724,130,69,-61,-2376,505
715,8285378,130,70,-60,-2261,826
716,12712539,130,69,-61,-2389,383
717,21780,130,76,-54,-1417,417
718,4072474,130,69,-61,-2404,1233
719,2685968,130,63,-67,-3735,1124
720,3478498,130,66,-64,-3066,268
721,4520608,130,59,-71,-5028,311
722,3444327,130,97,-33,-47,669
723,976485,130,54,-76,-7110,564
724,3728019,130,112,-18,332,673
725,6510018,130,63,-67,-3734,1442
726,1397447,130,143,13,608,527
727,11027930,130,54,-76,-7143,584
728,8931330,130,63,-67,-3757,1223
729,6571422,130,80,-50,-1007,551
730,9737076,130,249,119,727,1549
731,6073771,130,47,-83,-11595,528
732,9291623,130,60,-70,-4603,1157
733,10596173,130,91,-39,-277,973
734,3509005,130,59,-71,-4861,1265
735,11411812,130,74,-56,-1705,294
736,2952352,130,92,-38,-252,299
737,6344469,130,47,-83,-11443,1050
738,5156997,130,50,-80,-9577,560
739,10385651,130,61,-69,-4294,1013
740,9782620,130,93,-37,-199,848
741,11849987,130,66,-64,-3041,973
742,2420057,130,74,-56,-1723,435
743,11428558,130,53,-77,-7584,724
744,8298423,130,60,-70,-4761,408
745,7969179,130,51,-79,-8806,696
746,13105952,130,64,-66,-3492,620
747,12605497,130,79,-51,-1128,560
748,12690907,130,89,-41,-370,266
749,636206,130,83,-47,-784,441
750,9695651,130,47,-83,-11674,386
751,5481038,130,70,-60,-2295,657
752,5588476,130,58,-72,-5378,424
753,1433696,130,58,-72,-5382,371
754,11269239,129,72,-57,-1903,719
755,6830458,129,68,-61,-2557,298
756,9622700,129,60,-69,-4522,539
757,1267647,129,62,-67,-3965,920
758,3040717,129,94,-35,-111,426
759,2208801,129,58,-71,-5331,785
760,6967526,129,65,-64,-3229,996
761,1594974,129,69,-60,-2401,685
762,7069433,129,68,-61,-2508,635
763,9990259,129,56,-73,-5975,608
764,10535537,129,93,-36,-172,727
765,10917883,129,77,-52,-1316,453
766,10814448,129,87,-42,-453,1064
767,3788772,129,64,-65,-3575,359
768,6511959,129,50,-79,-9443,756
769,3130258,129,66,-63,-2959,834
770,6314658,129,71,-58,-2074,888
771,5001251,129,119,-10,463,471
772,10832345,129,57,-72,-5581,479
773,5712434,129,52,-77,-8143,778
774,9728608,129,62,-67,-3982,600
775,1290653,129,43,-86,-15341,1043
776,11249458,129,53,-76,-7572,746
777,7150427,129,83,-46,-752,704
778,3803677,129,51,-78,-8726,692
779,2440090,129,56,-73,-6103,782
780,3305779,129,52,-77,-8143,716
781,9524778,129,87,-42,-443,343
782,10870100,129,78,-51,-1216,594
783,9320498,129,96,-33,-30,606
784,1454352,129,169,40,736,705
785,408222,129,60,-69,-4693,738
786,2538282,129,100,-29,116,552
787,2584088,129,75,-54,-1550,478
788,9116865,129,82,-47,-783,336
789,12619922,129,55,-74,-6656,566
790,10499135,128,55,-73,-6385,989
791,13637563,128,58,-70,-5192,542
792,9277283,128,75,-53,-1467,743
793,11342748,128,76,-52,-1367,672
794,5619654,128,54,-74,-7108,344
795,2227225,128,56,-72,-6069,575
796,2612731,128,78,-50,-1146,1037
797,4895726,128,59,-69,-4848,1438
798,11808652,128,62,-66,-3945,1137
799,500274,128,43,-85,-15676,509
800,7815137,128,74,-54,-1639,699
801,8135221,128,56,-72,-6075,689
802,11505053,128,77,-51,-1219,864
803,3172048,128,92,-36,-163,769
804,13660475,128,76,-52,-1375,491
805,1410714,128,54,-74,-6993,884
806,12530533,128,81,-47,-854,942
807,11296668,128,119,-9,497,826
808,4882351,128,85,-43,-544,467
809,3508551,128,75,-53,-1518,498
810,13259303,128,50,-78,-9346,789
811,596415,128,32,-96,-37361,702
812,2424602,128,62,-66,-3938,466
813,12343624,128,56,-72,-6066,869
814,3745999,128,53,-75,-7468,848
815,12304779,128,85,-43,-553,499
816,2634882,128,55,-73,-6600,763
817,740183,128,61,-67,-4312,858
818,3824259,128,58,-70,-5299,440
819,3004300,128,55,-73,-6505,496
820,8143029,128,74,-54,-1582,673
821,10095171,128,119,-9,512,607
822,7777100,128,61,-67,-4189,350
823,11035696,128,68,-60,-2468,703
824,10252367,128,59,-69,-4928,501
825,12537528,128,103,-25,242,689
826,7182010,128,101,-27,183,667
827,8810443,128,65,-63,-3215,482
828,11655654,128,70,-58,-2215,379
829,4775284,128,58,-70,-5272,800
830,3560594,128,76,-52,-1301,524
831,1224157,128,65,-63,-3263,332
832,7331556,128,86,-42,-479,490
833,769038,128,109,-19,393,301
834,96145,128,63,-65,-3761,402
835,832205,127,67,-60,-2626,925
836,5492909,127,67,-60,-2703,666
837,9441118,127,68,-59,-2491,533
838,7889002,127,72,-55,-1845,678
839,12460383,127,47,-80,-11245,2112
840,3572607,127,53,-74,-7503,631
841,9514755,127,54,-73,-6864,908
842,5014355,127,64,-63,-3367,563
843,2955806,127,49,-78,-9871,1049
844,9290537,127,49,-78,-9950,843
845,6282057,127,76,-51,-1287,328
846,5145934,127,43,-84,-15111,1389
847,11124262,127,73,-54,-1700,681
848,8175108,127,62,-65,-3955,519
849,4004552,127,113,-14,476,630
850,10590428,127,56,-71,-6164,525
851,2344650,127,78,-49,-1114,1018
852,10898128,127,80,-47,-931,1140
853,4326566,127,57,-70,-5742,470
854,13697333,127,67,-60,-2680,615
855,12115946,127,69,-58,-2275,560
856,2618186,127,52,-75,-8203,432
857,508737,127,80,-47,-936,750
858,2990579,127,55,-72,-6522,304
859,3292817,127,47,-80,-11622,538
860,9835674,127,50,-77,-9530,381
861,3881870,127,61,-66,-4298,723
862,7036424,127,60,-67,-4527,784
863,13659730,127,98,-29,134,368
864,10659035,127,60,-67,-4604,548
865,1122115,127,54,-73,-7133,410
866,12287851,127,78,-49,-1079,364
867,3206448,127,60,-67,-4540,425
868,9735122,127,80,-47,-908,495
869,700529,127,80,-47,-904,387
870,10539140,127,107,-20,387,513
871,10447246,127,55,-72,-6510,596
872,8290022,127,86,-41,-422,267
873,12248322,127,95,-32,26,294
874,11235872,127,58,-69,-5270,255
875,2172662,127,69,-58,-2293,510
876,7765894,127,77,-50,-1160,562
877,8188613,127,67,-60,-2711,229
878,11841679,126,85,-41,-457,313
879,5674740,126,62,-64,-3825,406
880,12605113,126,84,-42,-528,261
881,2574707,126,64,-62,-3380,256
882,10532608,126,82,-44,-736,436
883,1706195,126,73,-53,-1623,641
884,11890810,126,104,-22,339,899
885,7431009,126,70,-56,-2097,495
886,4962179,126,57,-69,-5697,415
887,767860,126,67,-59,-2626,692
888,10034794,126,74,-52,-1515,333
889,5800261,126,54,-72,-6805,1427
890,9583892,126,86,-40,-406,675
891,13566611,126,73,-53,-1660,975
892,464294,126,94,-32,0,537
893,7548048,126,57,-69,-5485,463
894,7169167,126,54,-72,-6951,359
895,3026506,126,57,-69,-5508,845
896,7011580,126,68,-58,-2378,1166
897,11641614,126,92,-34,-70,672
898,5857436,126,65,-61,-3075,770
899,8772248,126,211,85,887,1051
900,10116933,126,83,-43,-580,415
901,5787191,126,49,-77,-9844,788
902,2235509,126,70,-56,-2089,584
903,4608569,126,44,-82,-14019,1173
904,3061623,126,57,-69,-5545,751
905,6757536,126,94,-32,25,627
906,356321,126,52,-74,-7975,738
907,3866805,126,96,-30,110,988
908,8556261,126,56,-70,-6018,424
909,1675658,126,76,-50,-1246,314
910,12262873,126,46,-80,-12251,1121
911,4204636,126,72,-54,-1799,551
912,3511630,126,55,-71,-6539,604
913,12253965,126,78,-48,-1019,1093
914,11012191,126,88,-38,-254,453
915,12393602,126,51,-75,-8586,312
916,12896556,126,45,-81,-13316,444
917,665405,126,65,-61,-3137,455
918,12474728,126,85,-41,-460,560
919,11546360,126,59,-67,-4889,750
920,11414057,126,60,-66,-4512,454
921,2325905,126,50,-76,-9223,878
922,12014636,126,44,-82,-14248,493
923,5182974,126,92,-34,-61,415
924,7454613,126,133,7,749,594
925,6884285,126,51,-75,-8674,565
926,4036002,126,54,-72,-7086,397
927,9944882,125,60,-65,-4407,253
928,11659910,125,89,-36,-163,397
929,996312,125,86,-39,-340,1265
930,10535657,125,95,-30,90,323
931,2658184,125,86,-39,-366,665
932,1928397,125,80,-45,-822,689
933,2135951,125,65,-60,-2981,336
934,8118071,125,63,-62,-3556,824
935,8789330,125,72,-53,-1734,724
936,10259888,125,70,-55,-2047,383
937,7061204,125,61,-64,-4132,768
938,7084073,125,60,-65,-4346,242
939,4902525,125,48,-77,-10461,1461
940,9413168,125,57,-68,-5503,1115
941,292677,125,44,-81,-14188,908
942,1464206,125,129,4,733,1267
943,10891976,125,65,-60,-3028,1242
944,9854245,125,55,-70,-6425,987
945,11255820,125,74,-51,-1471,750
946,12803450,125,71,-54,-1933,588
947,356373,125,55,-70,-6402,784
948,3365189,125,63,-62,-3569,840
949,1967658,125,47,-78,-11580,759
950,813620,125,51,-74,-8636,633
951,1892797,125,56,-69,-5802,724
952,1189659,125,74,-51,-1437,852
953,12994913,125,53,-72,-7377,575
954,13577331,125,52,-73,-7847,1000
955,4680226,125,64,-61,-3385,524
956,5849019,125,66,-59,-2859,381
957,9562642,125,46,-79,-12276,643
958,7290163,125,87,-38,-238,353
959,890273,125,55,-70,-6541,278
960,1244577,125,76,-49,-1244,711
961,3664185,125,93,-32,21,377
962,1220795,125,54,-71,-7004,463
963,13301996,125,43,-82,-15381,399
964,397582,125,63,-62,-3611,638
965,7437741,125,124,-1,713,764
966,5214505,125,104,-21,414,532
967,4047855,125,152,27,877,557
968,1563838,124,136,12,817,264
969,4185804,124,76,-48,-1178,660
970,11996570,124,62,-62,-3771,625
971,13321205,124,71,-53,-1856,765
972,4630214,124,63,-61,-3559,763
973,3636331,124,61,-63,-4014,400
974,3057981,124,74,-50,-1469,549
975,6461321,124,54,-70,-6880,567
976,12077016,124,52,-72,-8038,462
977,12673125,124,86,-38,-284,290
978,9734522,124,76,-48,-1195,779
979,11044059,124,68,-56,-2310,1030
980,10981971,124,70,-54,-2057,325
981,8966626,124,70,-54,-2009,1258
982,1317443,124,61,-63,-4043,480
983,739196,124,61,-63,-4058,764
984,1187512,124,58,-66,-5174,656
985,3685474,124,89,-35,-134,270
986,6887457,124,47,-77,-11582,545
987,6021265,124,121,-3,707,420
988,1894177,124,36,-88,-26229,955
989,7440739,124,114,-10,630,421
990,8891041,124,73,-51,-1521,550
991,11968750,124,81,-43,-673,419
992,9521931,124,58,-66,-5120,606
993,4558383,124,81,-43,-651,808
994,1748681,124,63,-61,-3524,576
995,8178937,124,75,-49,-1341,401
996,3829502,124,109,-15,552,562
997,12480811,124,67,-57,-2564,308
998,10466891,124,70,-54,-2025,261
999,1835531,124,128,4,775,368
1000,2522634,124,90,-34,-72,517
