rank_baseline,author_id,h_index_baseline,h_index_katz,delta_h,delta_rank,num_publications
1,2909828,288,54,-234,-28,2173
2,2036634,252,59,-193,-15,927
3,3118255,252,75,-177,0,584
4,3905565,249,69,-180,-2,1253
5,6558419,248,80,-168,4,849
6,9772016,245,37,-208,-286,2466
7,6795552,245,52,-193,-33,1273
8,8784928,242,78,-164,6,735
9,11384487,241,54,-187,-22,1653
10,3566237,235,41,-194,-179,1805
11,5187963,234,39,-195,-229,1527
12,12709842,233,53,-180,-24,1288
13,3078355,230,54,-176,-17,1202
14,9516779,228,47,-181,-63,1307
15,10683466,222,37,-185,-281,1024
16,3546501,222,48,-174,-51,1350
17,13091167,220,37,-183,-276,1337
18,2986463,218,42,-176,-145,1599
19,7019150,216,49,-167,-42,783
20,6990667,215,42,-173,-144,1341
21,11922989,214,45,-169,-93,1322
22,8815400,213,67,-146,14,681
23,4498000,211,41,-170,-168,1065
24,13120003,211,54,-157,-8,1405
25,6009653,211,67,-144,18,1045
26,12239711,211,43,-168,-117,878
27,4013524,211,47,-164,-52,839
28,9642557,209,38,-171,-234,1728
29,101090,209,72,-137,25,782
30,3303308,206,49,-157,-29,1152
31,1127410,206,37,-169,-268,1004
32,12452097,205,33,-172,-464,1157
33,9964935,205,44,-161,-96,885
34,1497768,204,44,-160,-94,1155
35,7811568,203,45,-158,-82,817
36,7945633,203,52,-151,-5,1028
37,908173,202,28,-174,-968,2535
38,4226882,202,56,-146,16,556
39,10928932,201,34,-167,-379,2036
40,7708141,201,53,-148,3,651
41,2132626,201,41,-160,-151,679
42,10020021,200,43,-157,-99,1093
43,1898713,200,55,-145,18,474
44,13391059,198,32,-166,-533,1825
45,2752276,198,44,-154,-86,953
46,5802147,198,48,-150,-25,1087
47,12064581,198,37,-161,-247,983
48,3443989,197,61,-136,36,727
49,1787155,195,59,-136,30,683
50,12885095,194,45,-149,-66,639
51,13718786,194,43,-151,-91,734
52,2398791,194,61,-133,39,537
53,8375151,194,41,-153,-137,921
54,3653795,193,37,-156,-244,1097
55,12504769,192,38,-154,-206,1075
56,8169729,190,54,-136,23,978
57,3063839,190,37,-153,-238,1271
58,8077292,190,28,-162,-950,1254
59,12977538,190,50,-140,5,687
60,5639696,189,65,-124,51,442
61,12709092,189,25,-164,-1639,1597
62,9553359,189,38,-151,-208,796
63,13103046,189,44,-145,-64,974
64,13032220,188,48,-140,-5,561
65,2579314,188,34,-154,-357,1433
66,6826428,188,32,-156,-512,1667
67,11083570,188,43,-145,-77,854
68,8456779,188,70,-118,63,370
69,12943379,187,31,-156,-590,1525
70,13673999,187,33,-154,-429,1147
71,8649812,186,45,-141,-44,1278
72,8435304,185,40,-145,-141,1414
73,12537065,185,48,-137,8,1103
74,2563296,185,43,-142,-72,654
75,9665806,185,43,-142,-75,636
76,7733186,184,36,-148,-252,1148
77,7738768,184,48,-136,5,613
78,6755308,184,30,-154,-674,1258
79,5031730,183,36,-147,-250,1482
80,1204811,183,29,-154,-793,1141
81,12792640,183,30,-153,-676,724
82,9252184,182,47,-135,-1,641
83,8555229,181,35,-146,-281,1015
84,3232452,181,30,-151,-667,1282
85,8567115,180,26,-154,-1356,1573
86,11758319,179,35,-144,-279,1479
87,3052931,179,55,-124,60,365
88,985018,179,35,-144,-273,916
89,3653221,179,27,-152,-1118,1547
90,12748302,178,50,-128,39,763
91,11062698,177,42,-135,-76,705
92,1690800,176,26,-150,-1348,2763
93,4220000,176,34,-142,-335,1060
94,7898192,176,49,-127,34,1277
95,6358547,176,31,-145,-565,1348
96,66436,176,44,-132,-34,807
97,4824452,175,37,-138,-208,555
98,9663796,175,37,-138,-205,964
99,2049097,174,25,-149,-1604,1853
100,2879564,174,51,-123,52,645
