author_id,h_base,rank_base,pubs_base,h_other,rank_other,delta_h,delta_rank
2909828,288,1,2173,190,24,-98,-23
2036634,252,2,927,188,26,-64,-24
3118255,252,3,584,167,52,-85,-49
3905565,249,4,1253,130,202,-119,-198
6558419,248,5,849,177,38,-71,-33
9772016,245,6,2466,113,374,-132,-368
6795552,245,7,1273,173,44,-72,-37
8784928,242,8,735,162,61,-80,-53
11384487,241,9,1653,94,885,-147,-876
3566237,235,10,1805,128,219,-107,-209
5187963,234,11,1527,101,638,-133,-627
12709842,233,12,1288,135,155,-98,-143
3078355,230,13,1202,229,5,-1,8
9516779,228,14,1307,172,46,-56,-32
10683466,222,15,1024,132,186,-90,-171
3546501,222,16,1350,159,70,-63,-54
13091167,220,17,1337,131,196,-89,-179
2986463,218,18,1599,257,2,39,16
7019150,216,19,783,112,397,-104,-378
6990667,215,20,1341,135,160,-80,-140
11922989,214,21,1322,100,663,-114,-642
8815400,213,22,681,146,108,-67,-86
4498000,211,23,1065,108,463,-103,-440
13120003,211,24,1405,164,54,-47,-30
6009653,211,25,1045,201,17,-10,8
12239711,211,26,878,108,465,-103,-439
4013524,211,27,839,175,41,-36,-14
9642557,209,28,1728,145,110,-64,-82
101090,209,29,782,257,1,48,28
3303308,206,30,1152,148,102,-58,-72
1127410,206,31,1004,81,1679,-125,-1648
12452097,205,32,1157,92,983,-113,-951
9964935,205,33,885,90,1076,-115,-1043
1497768,204,34,1155,127,234,-77,-200
7811568,203,35,817,97,773,-106,-738
7945633,203,36,1028,156,74,-47,-38
908173,202,37,2535,107,484,-95,-447
4226882,202,38,556,214,10,12,28
10928932,201,39,2036,112,396,-89,-357
7708141,201,40,651,141,127,-60,-87
2132626,201,41,679,100,673,-101,-632
10020021,200,42,1093,116,337,-84,-295
1898713,200,43,474,206,15,6,28
13391059,198,44,1825,79,1835,-119,-1791
2752276,198,45,953,108,464,-90,-419
5802147,198,46,1087,109,441,-89,-395
12064581,198,47,983,72,2687,-126,-2640
3443989,197,48,727,138,140,-59,-92
1787155,195,49,683,125,244,-70,-195
12885095,194,50,639,124,251,-70,-201
13718786,194,51,734,84,1422,-110,-1371
2398791,194,52,537,121,286,-73,-234
8375151,194,53,921,97,776,-97,-723
3653795,193,54,1097,173,43,-20,11
12504769,192,55,1075,111,408,-81,-353
8169729,190,56,978,118,318,-72,-262
3063839,190,57,1271,87,1226,-103,-1169
8077292,190,58,1254,79,1855,-111,-1797
12977538,190,59,687,110,430,-80,-371
5639696,189,60,442,156,72,-33,-12
12709092,189,61,1597,86,1282,-103,-1221
9553359,189,62,796,87,1243,-102,-1181
13103046,189,63,974,164,55,-25,8
13032220,188,64,561,99,690,-89,-626
2579314,188,65,1433,90,1063,-98,-998
6826428,188,66,1667,89,1102,-99,-1036
11083570,188,67,854,99,702,-89,-635
8456779,188,68,370,138,142,-50,-74
12943379,187,69,1525,77,2038,-110,-1969
13673999,187,70,1147,81,1669,-106,-1599
8649812,186,71,1278,103,577,-83,-506
8435304,185,72,1414,126,242,-59,-170
12537065,185,73,1103,120,295,-65,-222
2563296,185,74,654,98,734,-87,-660
9665806,185,75,636,127,230,-58,-155
7733186,184,76,1148,83,1504,-101,-1428
7738768,184,77,613,206,14,22,63
6755308,184,78,1258,88,1158,-96,-1080
5031730,183,79,1482,122,274,-61,-195
1204811,183,80,1141,62,4702,-121,-4622
12792640,183,81,724,134,167,-49,-86
9252184,182,82,641,90,1066,-92,-984
8555229,181,83,1015,96,806,-85,-723
3232452,181,84,1282,133,178,-48,-94
8567115,180,85,1573,83,1502,-97,-1417
11758319,179,86,1479,87,1223,-92,-1137
3052931,179,87,365,124,255,-55,-168
985018,179,88,916,99,694,-80,-606
3653221,179,89,1547,111,413,-68,-324
12748302,178,90,763,144,116,-34,-26
11062698,177,91,705,128,222,-49,-131
1690800,176,92,2763,126,241,-50,-149
4220000,176,93,1060,82,1594,-94,-1501
7898192,176,94,1277,205,16,29,78
6358547,176,95,1348,136,153,-40,-58
66436,176,96,807,131,194,-45,-98
4824452,175,97,555,86,1293,-89,-1196
9663796,175,98,964,95,839,-80,-741
2049097,174,99,1853,71,2794,-103,-2695
2879564,174,100,645,139,134,-35,-34
1414397,174,101,793,149,99,-25,2
6853236,174,102,581,164,56,-10,46
8197217,174,103,498,117,328,-57,-225
12580511,173,104,743,121,284,-52,-180
821788,173,105,721,70,2994,-103,-2889
11237548,173,106,1109,94,891,-79,-785
11095942,173,107,1268,96,808,-77,-701
3234892,173,108,1227,86,1299,-87,-1191
6500557,172,109,1258,83,1511,-89,-1402
105101,172,110,1232,89,1100,-83,-990
11615886,172,111,896,154,82,-18,29
7703871,172,112,711,59,5689,-113,-5577
9238635,172,113,791,104,550,-68,-437
1644939,171,114,719,75,2288,-96,-2174
6671105,171,115,604,111,412,-60,-297
4479236,170,116,489,124,256,-46,-140
8463126,170,117,2121,57,6323,-113,-6206
9799654,170,118,514,108,462,-62,-344
3966887,170,119,458,85,1359,-85,-1240
1816213,169,120,1285,91,1006,-78,-886
472781,169,121,798,82,1598,-87,-1477
1360463,169,122,868,87,1230,-82,-1108
4801700,169,123,1358,60,5323,-109,-5200
4468912,169,124,620,89,1112,-80,-988
13229925,169,125,994,90,1077,-79,-952
671306,169,126,1056,105,530,-64,-404
11831050,169,127,676,153,87,-16,40
2260002,169,128,536,109,445,-60,-317
9886262,169,129,473,127,232,-42,-103
8066685,168,130,928,71,2828,-97,-2698
12237274,168,131,1038,232,4,64,127
5422420,168,132,465,163,57,-5,75
11081471,168,133,1253,146,109,-22,24
2960952,168,134,767,84,1445,-84,-1311
7909688,168,135,541,105,527,-63,-392
11891718,167,136,858,89,1108,-78,-972
2885945,167,137,472,87,1209,-80,-1072
2460564,167,138,499,142,122,-25,16
2465983,167,139,1355,110,427,-57,-288
8614840,167,140,558,151,94,-16,46
11789899,167,141,1071,136,152,-31,-11
9427293,167,142,544,143,120,-24,22
5312840,167,143,500,65,3954,-102,-3811
5165833,166,144,988,79,1839,-87,-1695
10987843,166,145,613,143,119,-23,26
3154408,166,146,1853,84,1440,-82,-1294
4898397,166,147,773,65,3947,-101,-3800
6680173,166,148,1479,92,979,-74,-831
13690353,166,149,447,130,201,-36,-52
2027962,166,150,906,119,303,-47,-153
11188688,166,151,683,66,3776,-100,-3625
7425343,166,152,575,114,362,-52,-210
9067721,165,153,855,115,345,-50,-192
6724779,165,154,733,125,246,-40,-92
6312414,165,155,1277,65,3942,-100,-3787
2701585,165,156,1031,76,2180,-89,-2024
1549041,165,157,962,76,2191,-89,-2034
9635713,165,158,377,103,572,-62,-414
5181920,164,159,3865,69,3079,-95,-2920
7961189,164,160,383,101,639,-63,-479
12611655,164,161,482,60,5367,-104,-5206
13248739,164,162,1172,71,2809,-93,-2647
4995275,164,163,394,85,1350,-79,-1187
1178692,164,164,367,117,324,-47,-160
11751146,164,165,698,83,1505,-81,-1340
5306143,164,166,1036,103,581,-61,-415
6837858,164,167,1188,87,1225,-77,-1058
3427110,164,168,792,67,3547,-97,-3379
4074180,164,169,687,72,2609,-92,-2440
7978331,164,170,697,100,672,-64,-502
13104577,164,171,719,68,3378,-96,-3207
11214711,164,172,1075,77,2054,-87,-1882
10627261,164,173,548,139,136,-25,37
237762,163,174,836,193,22,30,152
7798789,163,175,1380,90,1075,-73,-900
7805689,163,176,1266,120,296,-43,-120
6003655,163,177,1190,83,1508,-80,-1331
4861431,163,178,412,86,1308,-77,-1130
2776191,162,179,1777,80,1762,-82,-1583
8755657,162,180,1029,76,2152,-86,-1972
3421764,162,181,1383,64,4173,-98,-3992
3251246,162,182,928,80,1753,-82,-1571
11718556,162,183,844,121,285,-41,-102
1560583,162,184,572,76,2182,-86,-1998
5181155,162,185,912,71,2869,-91,-2684
5835021,162,186,482,88,1167,-74,-981
8860077,161,187,888,180,33,19,154
12887932,161,188,669,82,1608,-79,-1420
1809847,161,189,719,64,4236,-97,-4047
1181300,161,190,592,151,97,-10,93
2483920,160,191,492,160,65,0,126
8005973,160,192,340,82,1599,-78,-1407
556651,160,193,1366,82,1582,-78,-1389
7493207,160,194,1793,112,398,-48,-204
10794292,160,195,1595,70,2974,-90,-2779
3479577,160,196,776,114,358,-46,-162
6225476,160,197,922,76,2127,-84,-1930
11172599,160,198,553,87,1218,-73,-1020
10118333,160,199,539,129,206,-31,-7
5089676,159,200,289,90,1060,-69,-860
582870,159,201,329,87,1194,-72,-993
11465499,159,202,435,105,525,-54,-323
4101466,159,203,552,144,114,-15,89
3459958,159,204,837,107,482,-52,-278
3809384,159,205,443,98,738,-61,-533
8041858,159,206,1645,78,1947,-81,-1741
11001177,159,207,1550,82,1602,-77,-1395
9171307,159,208,815,118,319,-41,-111
7813478,159,209,405,95,837,-64,-628
8017595,159,210,826,86,1301,-73,-1091
135874,159,211,601,70,3038,-89,-2827
9624370,158,212,2081,72,2665,-86,-2453
11723599,158,213,1410,80,1750,-78,-1537
4774013,158,214,729,97,764,-61,-550
11041206,158,215,669,76,2153,-82,-1938
490297,158,216,874,66,3769,-92,-3553
7014758,158,217,833,71,2852,-87,-2635
4961259,158,218,908,105,533,-53,-315
6088022,158,219,600,71,2855,-87,-2636
10586408,157,220,542,107,487,-50,-267
4935977,157,221,1098,64,4184,-93,-3963
7569995,157,222,1094,60,5299,-97,-5077
9725375,157,223,745,94,883,-63,-660
4740827,157,224,523,165,53,8,171
4709876,157,225,824,75,2293,-82,-2068
169530,157,226,1281,73,2556,-84,-2330
10370425,157,227,1297,156,73,-1,154
4088575,157,228,1680,100,660,-57,-432
2325531,157,229,625,116,338,-41,-109
10128707,157,230,624,85,1354,-72,-1124
9054802,157,231,391,84,1448,-73,-1217
7104680,157,232,585,133,172,-24,60
6731879,156,233,380,93,916,-63,-683
11514652,156,234,1490,94,879,-62,-645
8679580,156,235,563,88,1156,-68,-921
11012791,156,236,1124,59,5670,-97,-5434
6870015,156,237,938,96,810,-60,-573
6052377,156,238,401,80,1758,-76,-1520
11055524,156,239,835,84,1446,-72,-1207
801139,156,240,408,101,642,-55,-402
7463923,156,241,1091,88,1172,-68,-931
4415660,156,242,402,134,166,-22,76
9043796,156,243,959,78,1979,-78,-1736
10509641,156,244,923,120,298,-36,-54
3981634,156,245,500,107,491,-49,-246
6470877,156,246,1067,96,807,-60,-561
2745601,156,247,440,95,843,-61,-596
10218082,156,248,438,91,1018,-65,-770
7512878,155,249,3258,78,1931,-77,-1682
8693805,155,250,2021,63,4415,-92,-4165
8879664,155,251,1720,55,7193,-100,-6942
4161887,155,252,538,108,467,-47,-215
594134,155,253,428,102,608,-53,-355
10542938,155,254,1658,112,399,-43,-145
4856924,155,255,1376,83,1497,-72,-1242
11337892,155,256,970,78,1974,-77,-1718
322195,155,257,564,66,3750,-89,-3493
3869622,155,258,657,73,2563,-82,-2305
4892116,155,259,731,132,188,-23,71
1975725,155,260,718,59,5728,-96,-5468
11521821,155,261,402,86,1315,-69,-1054
3983375,154,262,672,82,1586,-72,-1324
8686107,154,263,1050,87,1235,-67,-972
13684795,154,264,1309,66,3707,-88,-3443
10209666,154,265,959,60,5373,-94,-5108
7204989,154,266,897,107,490,-47,-224
5331423,154,267,783,65,4029,-89,-3762
8570362,154,268,426,120,297,-34,-29
7159174,154,269,641,108,470,-46,-201
6585549,154,270,382,105,535,-49,-265
3180855,153,271,445,105,517,-48,-246
12069290,153,272,2128,64,4163,-89,-3891
2658409,153,273,1137,78,1967,-75,-1694
4711920,153,274,658,86,1267,-67,-993
865370,153,275,903,220,9,67,266
7480960,153,276,1236,70,2987,-83,-2711
6453968,153,277,433,56,7056,-97,-6779
11776138,153,278,1130,74,2426,-79,-2148
4024057,153,279,506,114,363,-39,-84
746540,153,280,837,152,91,-1,189
13491348,153,281,828,91,1020,-62,-739
9731660,152,282,1026,79,1840,-73,-1558
6535423,152,283,539,72,2662,-80,-2379
10015265,152,284,711,75,2298,-77,-2014
12555196,152,285,1119,70,2981,-82,-2696
166990,152,286,606,59,5708,-93,-5422
1242573,152,287,633,66,3704,-86,-3417
6424941,152,288,700,90,1059,-62,-771
13659634,152,289,364,68,3367,-84,-3078
4849823,152,290,644,75,2324,-77,-2034
12629806,152,291,441,135,159,-17,132
6505239,152,292,724,63,4538,-89,-4246
5078543,151,293,404,88,1140,-63,-847
10222543,151,294,1316,59,5636,-92,-5342
12675874,151,295,999,82,1592,-69,-1297
934687,151,296,882,116,335,-35,-39
10851275,151,297,1087,127,235,-24,62
7170358,151,298,534,73,2583,-78,-2285
1464061,151,299,578,78,1938,-73,-1639
7899061,151,300,845,132,187,-19,113
6977461,151,301,429,85,1327,-66,-1026
12017134,151,302,517,76,2143,-75,-1841
9338435,151,303,637,108,471,-43,-168
13491536,150,304,486,85,1351,-65,-1047
8794486,150,305,652,74,2396,-76,-2091
8736088,150,306,719,81,1667,-69,-1361
12036667,150,307,439,90,1058,-60,-751
2031834,150,308,1053,62,4751,-88,-4443
1922765,150,309,380,119,300,-31,9
13039147,150,310,473,89,1103,-61,-793
13235419,150,311,992,81,1687,-69,-1376
1648624,150,312,552,76,2199,-74,-1887
5380972,149,313,1372,75,2261,-74,-1948
8140432,149,314,538,56,6898,-93,-6584
3829461,149,315,2048,42,17105,-107,-16790
9891695,149,316,828,62,4762,-87,-4446
12248926,149,317,910,64,4230,-85,-3913
1091390,149,318,1040,93,935,-56,-617
2795506,149,319,1105,161,62,12,257
11706030,149,320,872,99,693,-50,-373
5023184,149,321,977,100,668,-49,-347
5024671,149,322,920,98,733,-51,-411
9693135,149,323,459,106,500,-43,-177
581753,149,324,627,120,293,-29,31
634539,149,325,482,103,574,-46,-249
969703,149,326,729,70,2954,-79,-2628
2980459,149,327,363,108,454,-41,-127
5572671,148,328,553,101,626,-47,-298
4447470,148,329,715,85,1330,-63,-1001
9308643,148,330,433,133,170,-15,160
10476158,148,331,633,108,468,-40,-137
11202602,148,332,856,81,1665,-67,-1333
11011273,148,333,391,121,282,-27,51
8360480,148,334,1121,73,2546,-75,-2212
7297836,148,335,338,103,576,-45,-241
9457498,148,336,428,66,3733,-82,-3397
10318924,148,337,1877,196,20,48,317
3414669,148,338,451,92,970,-56,-632
813880,148,339,577,54,7866,-94,-7527
11788229,148,340,870,61,5079,-87,-4739
13046665,148,341,654,88,1170,-60,-829
10579853,148,342,910,54,7749,-94,-7407
10099792,148,343,805,59,5714,-89,-5371
10801873,148,344,875,62,4835,-86,-4491
799233,148,345,492,71,2883,-77,-2538
3978719,148,346,721,64,4316,-84,-3970
8086929,148,347,680,70,3039,-78,-2692
12995966,148,348,533,95,850,-53,-502
2468788,147,349,1190,59,5639,-88,-5290
5660226,147,350,1272,56,6777,-91,-6427
10761065,147,351,974,105,528,-42,-177
8085036,147,352,1126,93,925,-54,-573
12203369,147,353,1274,45,14001,-102,-13648
2840520,147,354,1066,58,6057,-89,-5703
9683503,147,355,1202,95,842,-52,-487
773954,147,356,395,104,547,-43,-191
8542601,147,357,596,58,6080,-89,-5723
4463879,147,358,336,92,977,-55,-619
1862434,147,359,662,65,3974,-82,-3615
3358870,147,360,750,58,5973,-89,-5613
4323104,147,361,456,80,1721,-67,-1360
4101734,147,362,517,224,6,77,356
8738144,146,363,379,112,395,-34,-32
8115288,146,364,495,128,216,-18,148
11063113,146,365,1239,73,2521,-73,-2156
6568216,146,366,789,78,1956,-68,-1590
5054989,146,367,1319,62,4720,-84,-4353
6722165,146,368,1007,78,1969,-68,-1601
6922052,146,369,618,135,157,-11,212
8894253,146,370,1179,76,2161,-70,-1791
6880726,146,371,579,72,2732,-74,-2361
6639896,146,372,489,60,5395,-86,-5023
5231410,146,373,908,75,2318,-71,-1945
9424666,146,374,530,60,5509,-86,-5135
6563944,146,375,657,77,2066,-69,-1691
13163956,146,376,541,145,113,-1,263
10062121,146,377,623,80,1791,-66,-1414
2295401,146,378,746,169,49,23,329
9625704,145,379,461,114,365,-31,14
12169351,145,380,695,109,443,-36,-63
13458359,145,381,943,80,1756,-65,-1375
3332484,145,382,1632,78,1946,-67,-1564
12929157,145,383,1510,59,5623,-86,-5240
12637545,145,384,1502,77,2057,-68,-1673
9969692,145,385,646,82,1595,-63,-1210
3437423,145,386,409,129,203,-16,183
850749,145,387,349,121,281,-24,106
4359941,145,388,577,97,767,-48,-379
7634095,145,389,677,79,1854,-66,-1465
10272637,145,390,1017,70,2933,-75,-2543
1502835,145,391,728,73,2549,-72,-2158
8156850,145,392,521,92,982,-53,-590
13566595,145,393,378,96,812,-49,-419
10206442,145,394,302,140,131,-5,263
7248794,145,395,504,84,1435,-61,-1040
3183171,145,396,625,63,4515,-82,-4119
8346761,145,397,413,106,510,-39,-113
13149009,144,398,648,60,5305,-84,-4907
1822010,144,399,475,127,229,-17,170
5383568,144,400,1000,78,1964,-66,-1564
13120868,144,401,1728,57,6306,-87,-5905
11044805,144,402,1085,78,1982,-66,-1580
10762827,144,403,1002,74,2409,-70,-2006
11691208,144,404,914,64,4188,-80,-3784
11016824,144,405,1174,52,8739,-92,-8334
4517289,144,406,610,75,2315,-69,-1909
5016052,144,407,971,71,2842,-73,-2435
3234457,144,408,699,68,3385,-76,-2977
6872121,144,409,556,187,28,43,381
6354336,144,410,725,90,1071,-54,-661
7599636,144,411,310,73,2573,-71,-2162
7588114,144,412,1293,66,3712,-78,-3300
131737,143,413,346,83,1488,-60,-1075
4808180,143,414,1012,79,1850,-64,-1436
9974429,143,415,778,59,5699,-84,-5284
5490285,143,416,438,92,987,-51,-571
5882197,143,417,809,80,1772,-63,-1355
12751751,143,418,656,64,4247,-79,-3829
9386249,143,419,710,76,2175,-67,-1756
11208733,143,420,523,73,2561,-70,-2141
4921825,143,421,740,135,161,-8,260
11064177,143,422,752,68,3342,-75,-2920
7987482,143,423,1304,53,8246,-90,-7823
11151604,143,424,376,64,4303,-79,-3879
9945717,143,425,848,106,505,-37,-80
4753887,143,426,778,112,391,-31,35
257160,143,427,549,62,4873,-81,-4446
7048619,143,428,544,57,6497,-86,-6069
6953248,143,429,822,46,13218,-97,-12789
8233431,143,430,281,88,1164,-55,-734
239806,142,431,1727,62,4687,-80,-4256
6632154,142,432,748,84,1438,-58,-1006
8382816,142,433,1026,74,2414,-68,-1981
2699514,142,434,1522,67,3504,-75,-3070
6306647,142,435,692,61,5002,-81,-4567
102068,142,436,903,59,5632,-83,-5196
8456786,142,437,739,71,2859,-71,-2422
4596262,142,438,1217,98,726,-44,-288
9477860,142,439,341,87,1237,-55,-798
1783126,142,440,470,61,5086,-81,-4646
2275911,142,441,1082,69,3121,-73,-2680
3936543,142,442,1323,85,1356,-57,-914
10935129,142,443,1571,99,701,-43,-258
3646933,142,444,617,65,3981,-77,-3537
3850817,142,445,916,55,7244,-87,-6799
11013929,142,446,354,183,31,41,415
3092815,142,447,558,176,40,34,407
1860982,142,448,415,65,4087,-77,-3639
2268676,142,449,581,114,366,-28,83
4901910,142,450,663,131,192,-11,258
1784073,141,451,1152,56,6754,-85,-6303
10263596,141,452,277,84,1417,-57,-965
5570238,141,453,1186,58,5995,-83,-5542
5644017,141,454,997,81,1672,-60,-1218
8882255,141,455,636,124,253,-17,202
11955484,141,456,1151,76,2178,-65,-1722
2850933,141,457,776,86,1286,-55,-829
12105080,141,458,776,55,7320,-86,-6862
471248,141,459,384,111,410,-30,49
6269580,141,460,1035,67,3511,-74,-3051
1293946,141,461,342,66,3749,-75,-3288
5858883,141,462,1158,54,7755,-87,-7293
11731890,141,463,700,81,1641,-60,-1178
7719400,141,464,1179,77,2055,-64,-1591
7617876,141,465,506,131,190,-10,275
11389780,141,466,689,91,1014,-50,-548
1503385,141,467,313,81,1698,-60,-1231
689225,140,468,840,90,1051,-50,-583
2526199,140,469,580,84,1428,-56,-959
3766688,140,470,242,94,864,-46,-394
9315732,140,471,796,82,1593,-58,-1122
11520814,140,472,1133,57,6400,-83,-5928
9738976,140,473,1615,75,2278,-65,-1805
1125251,140,474,729,96,819,-44,-345
8041099,140,475,1696,66,3697,-74,-3222
2851955,140,476,640,97,771,-43,-295
1447564,140,477,794,90,1078,-50,-601
6102629,140,478,607,53,8315,-87,-7837
104283,140,479,350,123,263,-17,216
6189194,140,480,904,77,2056,-63,-1576
5755120,139,481,281,95,833,-44,-352
2380914,139,482,1391,98,718,-41,-236
8283744,139,483,1365,66,3660,-73,-3177
11721204,139,484,905,84,1449,-55,-965
6476519,139,485,1359,52,8733,-87,-8248
9600895,139,486,874,102,604,-37,-118
6576341,139,487,671,76,2162,-63,-1675
6795558,139,488,809,70,2998,-69,-2510
2319621,139,489,837,82,1603,-57,-1114
5238027,139,490,538,65,3927,-74,-3437
1158410,139,491,626,70,3026,-69,-2535
6305099,139,492,1093,61,5036,-78,-4544
1938122,139,493,969,96,814,-43,-321
5336568,139,494,893,77,2048,-62,-1554
8068019,139,495,847,70,3035,-69,-2540
2893288,139,496,997,57,6422,-82,-5926
4216435,139,497,741,56,6965,-83,-6468
11196681,139,498,858,54,7824,-85,-7326
3051726,139,499,659,80,1765,-59,-1266
250147,139,500,493,110,432,-29,68
