node_id,node_type,kudos,total_credit,citations_indegree
0,paper,103791.3766862514,103791.3766862514,10405
1,software,42861.672213404614,85723.34442680923,9257
2,dataset,26303.42676088871,52606.85352177742,6803
4,dataset,16895.70796324621,33791.41592649242,5730
3,paper,16021.593801258361,32043.187602516722,5164
6,software,14656.393585372029,29312.787170744057,5027
5,paper,14000.557704150377,28001.115408300753,5039
9,dataset,11536.780182511306,23073.56036502261,4525
18,paper,9749.876791772569,19499.753583545138,3966
8,software,9377.332862651072,18754.665725302144,3614
