rank,author_id,h_baseline,h_r0.50,delta_h,rel_pct,num_publications,kudos_ratio
1,101090,209,271,62,29.7,782,1.73
2,593164,105,165,60,57.1,410,2.73
3,4101734,147,202,55,37.4,517,2.2
4,8772248,126,181,55,43.7,1051,1.94
5,4226882,202,256,54,26.7,556,1.66
6,1898713,200,254,54,27.0,474,1.66
7,7738768,184,237,53,28.8,613,1.64
8,122408,101,152,51,50.5,534,2.17
9,5808178,80,131,51,63.7,450,2.13
10,962457,59,110,51,86.4,213,3.9
11,11013929,142,191,49,34.5,354,1.9
12,1469072,123,172,49,39.8,376,2.11
13,10707138,100,148,48,48.0,283,3.09
14,10033469,73,121,48,65.8,549,3.09
15,12237274,168,215,47,28.0,1038,2.07
16,9737076,130,177,47,36.2,1549,1.7
17,10499811,72,119,47,65.3,399,2.77
18,3078355,230,276,46,20.0,1202,1.46
19,6872121,144,190,46,31.9,556,2.09
20,751135,111,157,46,41.4,1199,1.71
21,8028520,68,114,46,67.6,311,3.02
22,10318924,148,193,45,30.4,1877,1.53
23,4055467,73,118,45,61.6,510,2.48
24,10039471,72,117,45,62.5,591,2.22
25,2654630,63,108,45,71.4,237,3.43
26,1206661,48,93,45,93.8,219,5.38
27,6608535,136,180,44,32.4,440,1.83
28,3072389,136,180,44,32.4,492,1.86
29,2379844,131,175,44,33.6,598,1.86
30,840740,120,164,44,36.7,545,1.87
31,2899761,120,164,44,36.7,383,2.85
32,3523312,67,111,44,65.7,190,3.18
33,865370,153,196,43,28.1,903,1.57
34,5317349,115,158,43,37.4,332,2.56
35,2806866,89,132,43,48.3,247,3.25
36,8223761,64,107,43,67.2,379,2.4
37,7529471,95,136,41,43.2,405,2.24
38,9025605,88,129,41,46.6,555,1.88
39,11324641,84,125,41,48.8,731,1.93
40,11141767,61,102,41,67.2,259,3.88
41,7898192,176,216,40,22.7,1277,1.45
42,7973923,96,136,40,41.7,470,2.11
43,8812296,74,114,40,54.1,328,2.46
44,3332575,72,112,40,55.6,372,2.59
45,11334084,60,100,40,66.7,195,4.16
46,2509027,132,171,39,29.5,678,1.69
47,7196145,89,128,39,43.8,757,1.94
48,237762,163,201,38,23.3,836,1.63
49,13563834,86,124,38,44.2,407,2.17
50,4740827,157,194,37,23.6,523,1.51
