Variation,Cutoff,N,Spearman,Kendall,W-Kendall
r=1.0 → r=0.75,Top-10,11,0.7818181818181819,0.6000000000000001,0.5527648696109233
r=1.0 → r=0.75,Top-100,112,0.8892865684901083,0.7194337194337194,0.6449414438765824
r=1.0 → r=0.75,"Top-1,000",1099,0.9034348075091523,0.7380960668002537,0.6429981517731607
r=1.0 → r=0.75,"Top-10,000",10737,0.937969996147858,0.7920845809863715,0.7237062029491126
r=1.0 → r=0.50,Top-10,13,0.19780219780219782,0.17948717948717946,0.1411713829549279
r=1.0 → r=0.50,Top-100,127,0.5964215410573678,0.41182352205974243,0.29441717940362594
r=1.0 → r=0.50,"Top-1,000",1237,0.6608953832881718,0.474736613531537,0.37960574800498537
r=1.0 → r=0.50,"Top-10,000",11647,0.7618393215764953,0.5728464680160555,0.4944387339348788
r=1.0 → r=0.25,Top-10,18,-0.4097007223942208,-0.21568627450980396,-0.22606766949809382
r=1.0 → r=0.25,Top-100,148,0.09327119202478744,0.05056076484647914,-0.039022922229563474
r=1.0 → r=0.25,"Top-1,000",1402,0.24590226639100793,0.16176645782867544,0.0630022999028693
r=1.0 → r=0.25,"Top-10,000",13014,0.45029668433013953,0.3105004487066409,0.2206587958787164
