author_id,h_index_r1.00,h_index_r0.50,delta_h,rank_baseline,rank_r0.50,delta_rank,num_publications
101090,209,271,62,29,3,26,782
593164,105,165,60,2520,192,2328,410
4101734,147,202,55,362,48,314,517
8772248,126,181,55,899,109,790,1051
4226882,202,256,54,38,9,29,556
1898713,200,254,54,43,11,32,474
7738768,184,237,53,77,18,59,613
122408,101,152,51,3066,325,2741,534
5808178,80,131,51,8996,735,8261,450
962457,59,110,51,31052,1880,29172,213
11013929,142,191,49,446,79,367,354
1469072,123,172,49,1039,146,893,376
10707138,100,148,48,3227,368,2859,283
10033469,73,121,48,13555,1116,12439,549
12237274,168,215,47,131,32,99,1038
9737076,130,177,47,730,126,604,1549
10499811,72,119,47,14518,1272,13246,399
3078355,230,276,46,13,2,11,1202
6872121,144,190,46,409,83,326,556
751135,111,157,46,1831,256,1575,1199
8028520,68,114,46,17587,1528,16059,311
10318924,148,193,45,337,73,264,1877
4055467,73,118,45,13664,1320,12344,510
10039471,72,117,45,14079,1378,12701,591
2654630,63,108,45,24407,2046,22361,237
1206661,48,93,45,60926,4003,56923,219
6608535,136,180,44,555,114,441,440
3072389,136,180,44,566,115,451,492
2379844,131,175,44,682,127,555,598
840740,120,164,44,1237,205,1032,545
