rank_baseline,author_id,h_index_r1.00,h_index_r0.25,delta_h,delta_rank,num_publications
1,2909828,288,274,-14,-2,2173
2,2036634,252,245,-7,-9,927
3,3118255,252,238,-14,-9,584
4,3905565,249,228,-21,-15,1253
5,6558419,248,246,-2,-4,849
6,9772016,245,195,-50,-47,2466
7,6795552,245,238,-7,-6,1273
8,8784928,242,236,-6,-8,735
9,11384487,241,185,-56,-72,1653
10,3566237,235,198,-37,-39,1805
11,5187963,234,169,-65,-129,1527
12,12709842,233,229,-4,-6,1288
13,3078355,230,282,52,11,1202
14,9516779,228,246,18,4,1307
15,10683466,222,195,-27,-37,1024
16,3546501,222,222,0,-7,1350
17,13091167,220,199,-21,-28,1337
18,2986463,218,270,52,14,1599
19,7019150,216,188,-28,-57,783
20,6990667,215,186,-29,-59,1341
21,11922989,214,181,-33,-72,1322
22,8815400,213,203,-10,-18,681
23,4498000,211,173,-38,-93,1065
24,13120003,211,221,10,0,1405
25,6009653,211,248,37,18,1045
26,12239711,211,179,-32,-75,878
27,4013524,211,237,26,12,839
28,9642557,209,198,-11,-19,1728
29,101090,209,296,87,28,782
30,3303308,206,212,6,-1,1152
31,1127410,206,162,-44,-143,1004
32,12452097,205,159,-46,-156,1157
33,9964935,205,169,-36,-106,885
34,1497768,204,179,-25,-66,1155
35,7811568,203,167,-36,-115,817
36,7945633,203,215,12,7,1028
37,908173,202,165,-37,-121,2535
38,4226882,202,267,65,33,556
39,10928932,201,171,-30,-82,2036
40,7708141,201,205,4,1,651
41,2132626,201,183,-18,-46,679
42,10020021,200,192,-8,-23,1093
43,1898713,200,262,62,37,474
44,13391059,198,146,-52,-254,1825
45,2752276,198,165,-33,-115,953
46,5802147,198,170,-28,-80,1087
47,12064581,198,153,-45,-195,983
48,3443989,197,191,-6,-18,727
49,1787155,195,192,-3,-15,683
50,12885095,194,196,2,-1,639
51,13718786,194,149,-45,-219,734
52,2398791,194,193,-1,-9,537
53,8375151,194,171,-23,-72,921
54,3653795,193,213,20,24,1097
55,12504769,192,179,-13,-44,1075
56,8169729,190,191,1,-11,978
57,3063839,190,154,-36,-172,1271
58,8077292,190,142,-48,-291,1254
59,12977538,190,168,-22,-84,687
60,5639696,189,215,26,33,442
61,12709092,189,147,-42,-230,1597
62,9553359,189,146,-43,-238,796
63,13103046,189,218,29,37,974
64,13032220,188,156,-32,-142,561
65,2579314,188,154,-34,-166,1433
66,6826428,188,146,-42,-233,1667
67,11083570,188,165,-23,-94,854
68,8456779,188,194,6,13,370
69,12943379,187,137,-50,-352,1525
70,13673999,187,139,-48,-317,1147
71,8649812,186,171,-15,-53,1278
72,8435304,185,176,-9,-38,1414
73,12537065,185,180,-5,-24,1103
74,2563296,185,159,-26,-113,654
75,9665806,185,189,4,1,636
76,7733186,184,137,-47,-341,1148
77,7738768,184,247,63,69,613
78,6755308,184,141,-43,-281,1258
79,5031730,183,166,-17,-77,1482
80,1204811,183,126,-57,-576,1141
81,12792640,183,178,-5,-25,724
82,9252184,182,151,-31,-176,641
83,8555229,181,155,-26,-135,1015
84,3232452,181,172,-9,-35,1282
85,8567115,180,137,-43,-339,1573
86,11758319,179,131,-48,-430,1479
87,3052931,179,176,-3,-22,365
88,985018,179,161,-18,-88,916
89,3653221,179,151,-28,-173,1547
90,12748302,178,193,15,28,763
91,11062698,177,182,5,0,705
92,1690800,176,163,-13,-75,2763
93,4220000,176,146,-30,-208,1060
94,7898192,176,237,61,80,1277
95,6358547,176,177,1,-13,1348
96,66436,176,180,4,0,807
97,4824452,175,138,-37,-304,555
98,9663796,175,145,-30,-209,964
99,2049097,174,117,-57,-843,1853
100,2879564,174,186,12,22,645
101,1414397,174,193,19,41,793
102,6853236,174,205,31,64,581
103,8197217,174,178,4,-1,498
104,12580511,173,167,-6,-44,743
105,821788,173,127,-46,-520,721
106,11237548,173,156,-17,-106,1109
107,11095942,173,153,-20,-132,1268
108,3234892,173,137,-36,-318,1227
109,6500557,172,135,-37,-339,1258
110,105101,172,152,-20,-142,1232
111,11615886,172,198,26,63,896
112,7703871,172,129,-43,-470,711
113,9238635,172,157,-15,-89,791
114,1644939,171,131,-40,-406,719
115,6671105,171,158,-13,-81,604
116,4479236,170,156,-14,-95,489
117,8463126,170,119,-51,-756,2121
118,9799654,170,167,-3,-31,514
119,3966887,170,141,-29,-237,458
120,1816213,169,135,-34,-324,1285
121,472781,169,144,-25,-202,798
122,1360463,169,141,-28,-235,868
123,4801700,169,117,-52,-825,1358
124,4468912,169,144,-25,-198,620
125,13229925,169,149,-20,-151,994
126,671306,169,151,-18,-135,1056
127,11831050,169,190,21,57,676
128,2260002,169,166,-3,-27,536
129,9886262,169,182,13,41,473
130,8066685,168,135,-33,-319,928
131,12237274,168,234,66,114,1038
132,5422420,168,207,39,97,465
133,11081471,168,189,21,61,1253
134,2960952,168,145,-23,-176,767
135,7909688,168,168,0,-9,541
136,11891718,167,128,-39,-455,858
137,2885945,167,135,-32,-304,472
138,2460564,167,185,18,58,499
139,2465983,167,141,-26,-219,1355
140,8614840,167,206,39,104,558
141,11789899,167,178,11,38,1071
142,9427293,167,185,18,60,544
143,5312840,167,128,-39,-466,500
144,5165833,166,144,-22,-177,988
145,10987843,166,188,22,70,613
146,3154408,166,134,-32,-318,1853
147,4898397,166,129,-37,-425,773
148,6680173,166,127,-39,-484,1479
149,13690353,166,182,16,59,447
150,2027962,166,171,5,27,906
151,11188688,166,128,-38,-460,683
152,7425343,166,173,7,35,575
153,9067721,165,154,-11,-70,855
154,6724779,165,174,9,39,733
155,6312414,165,112,-53,-992,1277
156,2701585,165,127,-38,-474,1031
157,1549041,165,121,-44,-664,962
158,9635713,165,156,-9,-51,377
159,5181920,164,111,-53,-1013,3865
160,7961189,164,151,-13,-97,383
161,12611655,164,115,-49,-862,482
162,13248739,164,117,-47,-783,1172
163,4995275,164,137,-27,-253,394
164,1178692,164,165,1,7,367
165,11751146,164,144,-20,-162,698
166,5306143,164,156,-8,-50,1036
167,6837858,164,141,-23,-199,1188
168,3427110,164,126,-38,-493,792
169,4074180,164,131,-33,-345,687
170,7978331,164,164,0,7,697
171,13104577,164,131,-33,-361,719
172,11214711,164,130,-34,-379,1075
173,10627261,164,180,16,79,548
174,237762,163,222,59,153,836
175,7798789,163,144,-19,-155,1380
176,7805689,163,168,5,31,1266
177,6003655,163,147,-16,-119,1190
178,4861431,163,142,-21,-170,412
179,2776191,162,120,-42,-669,1777
180,8755657,162,125,-37,-503,1029
181,3421764,162,123,-39,-568,1383
182,3251246,162,145,-17,-130,928
183,11718556,162,174,12,70,844
184,1560583,162,136,-26,-250,572
185,5181155,162,136,-26,-251,912
186,5835021,162,143,-19,-155,482
187,8860077,161,210,49,155,888
188,12887932,161,142,-19,-165,669
189,1809847,161,110,-51,-1071,719
190,1181300,161,189,28,117,592
191,2483920,160,193,33,134,492
192,8005973,160,127,-33,-427,340
193,556651,160,129,-31,-373,1366
194,7493207,160,167,7,43,1793
195,10794292,160,123,-37,-550,1595
196,3479577,160,163,3,30,776
197,6225476,160,128,-32,-399,922
198,11172599,160,141,-19,-157,553
199,10118333,160,165,5,40,539
200,5089676,159,126,-33,-445,289
201,582870,159,132,-27,-291,329
202,11465499,159,150,-9,-62,435
203,4101466,159,193,34,145,552
204,3459958,159,150,-9,-63,837
205,3809384,159,155,-4,-15,443
206,8041858,159,116,-43,-791,1645
207,11001177,159,134,-25,-260,1550
208,9171307,159,169,10,72,815
209,7813478,159,152,-7,-40,405
210,8017595,159,137,-22,-217,826
211,135874,159,121,-38,-606,601
212,9624370,158,112,-46,-936,2081
213,11723599,158,126,-32,-440,1410
214,4774013,158,139,-19,-168,729
215,11041206,158,136,-22,-218,669
216,490297,158,122,-36,-582,874
217,7014758,158,131,-27,-310,833
218,4961259,158,147,-11,-76,908
219,6088022,158,133,-25,-267,600
220,10586408,157,161,4,45,542
221,4935977,157,115,-42,-803,1098
222,7569995,157,115,-42,-805,1094
223,9725375,157,139,-18,-155,745
224,4740827,157,201,44,181,523
225,4709876,157,128,-29,-379,824
226,169530,157,124,-33,-493,1281
227,10370425,157,180,23,132,1297
228,4088575,157,147,-10,-64,1680
229,2325531,157,167,10,77,625
230,10128707,157,127,-30,-399,624
231,9054802,157,138,-19,-173,391
232,7104680,157,182,25,143,585
233,6731879,156,139,-17,-142,380
234,11514652,156,143,-13,-102,1490
235,8679580,156,132,-24,-263,563
236,11012791,156,109,-47,-1088,1124
237,6870015,156,138,-18,-168,938
238,6052377,156,132,-24,-261,401
239,11055524,156,135,-21,-214,835
240,801139,156,144,-12,-80,408
241,7463923,156,121,-35,-577,1091
242,4415660,156,170,14,115,402
243,9043796,156,131,-25,-286,959
244,10509641,156,162,6,71,923
245,3981634,156,153,-3,4,500
246,6470877,156,135,-21,-205,1067
247,2745601,156,141,-15,-114,440
248,10218082,156,138,-18,-162,438
249,7512878,155,118,-37,-651,3258
250,8693805,155,97,-58,-1974,2021
251,8879664,155,96,-59,-2070,1720
252,4161887,155,156,1,42,538
253,594134,155,152,-3,2,428
254,10542938,155,139,-16,-132,1658
255,4856924,155,138,-17,-154,1376
256,11337892,155,121,-34,-567,970
257,322195,155,124,-31,-461,564
258,3869622,155,119,-36,-630,657
259,4892116,155,174,19,145,731
260,1975725,155,124,-31,-470,718
261,11521821,155,143,-12,-82,402
262,3983375,154,137,-17,-158,672
263,8686107,154,130,-24,-283,1050
264,13684795,154,114,-40,-817,1309
265,10209666,154,117,-37,-706,959
266,7204989,154,139,-15,-125,897
267,5331423,154,110,-44,-1001,783
268,8570362,154,167,13,114,426
269,7159174,154,156,2,56,641
270,6585549,154,156,2,55,382
271,3180855,153,152,-1,25,445
272,12069290,153,113,-40,-842,2128
273,2658409,153,116,-37,-716,1137
274,4711920,153,135,-18,-169,658
275,865370,153,224,71,255,903
276,7480960,153,117,-36,-682,1236
277,6453968,153,110,-43,-1007,433
278,11776138,153,119,-34,-609,1130
279,4024057,153,161,8,102,506
280,746540,153,182,29,188,837
281,13491348,153,131,-22,-245,828
282,9731660,152,121,-31,-528,1026
283,6535423,152,116,-36,-697,539
284,10015265,152,120,-32,-562,711
285,12555196,152,108,-44,-1080,1119
286,166990,152,117,-35,-665,606
287,1242573,152,118,-34,-616,633
288,6424941,152,125,-27,-391,700
289,13659634,152,117,-35,-671,364
290,4849823,152,133,-19,-197,644
291,12629806,152,171,19,169,441
292,6505239,152,118,-34,-634,724
293,5078543,151,132,-19,-200,404
294,10222543,151,107,-44,-1160,1316
295,12675874,151,131,-20,-224,999
296,934687,151,160,9,115,882
297,10851275,151,183,32,212,1087
298,7170358,151,125,-26,-392,534
299,1464061,151,132,-19,-202,578
300,7899061,151,167,16,147,845
301,6977461,151,136,-15,-131,429
302,12017134,151,123,-28,-444,517
303,9338435,151,157,6,99,637
304,13491536,150,134,-16,-157,486
305,8794486,150,126,-24,-344,652
306,8736088,150,120,-30,-533,719
307,12036667,150,143,-7,-28,439
308,2031834,150,112,-38,-843,1053
309,1922765,150,158,8,119,380
310,13039147,150,141,-9,-53,473
311,13235419,150,117,-33,-651,992
312,1648624,150,123,-27,-451,552
313,5380972,149,114,-35,-746,1372
314,8140432,149,108,-41,-1064,538
315,3829461,149,90,-59,-2813,2048
316,9891695,149,118,-31,-595,828
317,12248926,149,113,-36,-804,910
318,1091390,149,125,-24,-371,1040
319,2795506,149,187,38,242,1105
320,11706030,149,138,-11,-86,872
321,5023184,149,139,-10,-68,977
322,5024671,149,138,-11,-89,920
323,9693135,149,154,5,97,459
324,581753,149,169,20,187,627
325,634539,149,154,5,95,482
326,969703,149,121,-28,-490,729
327,2980459,149,143,-6,-7,363
328,5572671,148,134,-14,-129,553
329,4447470,148,127,-21,-284,715
330,9308643,148,159,11,146,433
331,10476158,148,137,-11,-92,633
332,11202602,148,122,-26,-444,856
333,11011273,148,162,14,163,391
334,8360480,148,115,-33,-698,1121
335,7297836,148,156,8,128,338
336,9457498,148,118,-30,-569,428
337,10318924,148,210,62,303,1877
338,3414669,148,138,-10,-60,451
339,813880,148,103,-45,-1408,577
340,11788229,148,118,-30,-581,870
341,13046665,148,130,-18,-204,654
342,10579853,148,109,-39,-990,910
343,10099792,148,112,-36,-821,805
344,10801873,148,111,-37,-869,875
345,799233,148,115,-33,-700,492
346,3978719,148,113,-35,-785,721
347,8086929,148,124,-24,-381,680
348,12995966,148,140,-8,-25,533
349,2468788,147,108,-39,-1020,1190
350,5660226,147,109,-38,-969,1272
351,10761065,147,145,-2,42,974
352,8085036,147,134,-13,-110,1126
353,12203369,147,91,-56,-2641,1274
354,2840520,147,106,-41,-1188,1066
355,9683503,147,140,-7,-17,1202
356,773954,147,142,-5,11,395
357,8542601,147,114,-33,-723,596
358,4463879,147,136,-11,-72,336
359,1862434,147,111,-36,-844,662
360,3358870,147,112,-35,-795,750
361,4323104,147,123,-24,-376,456
362,4101734,147,222,75,340,517
363,8738144,146,160,14,183,379
364,8115288,146,151,5,110,495
365,11063113,146,106,-40,-1142,1239
366,6568216,146,128,-18,-231,789
367,5054989,146,111,-35,-829,1319
368,6722165,146,109,-37,-949,1007
369,6922052,146,169,23,236,618
370,8894253,146,126,-20,-292,1179
371,6880726,146,116,-30,-635,579
372,6639896,146,115,-31,-665,489
373,5231410,146,120,-26,-481,908
374,9424666,146,108,-38,-1035,530
375,6563944,146,127,-19,-259,657
376,13163956,146,170,24,245,541
377,10062121,146,141,-5,10,623
378,2295401,146,190,44,307,746
379,9625704,145,144,-1,60,461
380,12169351,145,138,-7,-19,695
381,13458359,145,130,-15,-161,943
382,3332484,145,117,-28,-562,1632
383,12929157,145,94,-51,-2177,1510
384,12637545,145,111,-34,-827,1502
385,9969692,145,139,-6,1,646
386,3437423,145,152,7,142,409
387,850749,145,159,14,201,349
388,4359941,145,135,-10,-54,577
389,7634095,145,123,-22,-359,677
390,10272637,145,120,-25,-442,1017
391,1502835,145,128,-17,-214,728
392,8156850,145,140,-5,22,521
393,13566595,145,133,-12,-83,378
394,10206442,145,169,24,262,302
395,7248794,145,130,-15,-148,504
396,3183171,145,117,-28,-567,625
397,8346761,145,155,10,178,413
398,13149009,144,103,-41,-1315,648
399,1822010,144,156,12,194,475
400,5383568,144,116,-28,-596,1000
401,13120868,144,105,-39,-1171,1728
402,11044805,144,118,-26,-512,1085
403,10762827,144,116,-28,-585,1002
404,11691208,144,108,-36,-970,914
405,11016824,144,102,-42,-1411,1174
406,4517289,144,113,-31,-718,610
407,5016052,144,111,-33,-800,971
408,3234457,144,110,-34,-877,699
409,6872121,144,205,61,372,556
410,6354336,144,148,4,127,725
411,7599636,144,126,-18,-254,310
412,7588114,144,109,-35,-925,1293
413,131737,143,127,-16,-204,346
414,4808180,143,129,-14,-161,1012
415,9974429,143,102,-41,-1390,778
416,5490285,143,135,-8,-30,438
417,5882197,143,130,-13,-130,809
418,12751751,143,105,-38,-1161,656
419,9386249,143,123,-20,-334,710
420,11208733,143,124,-19,-296,523
421,4921825,143,170,27,292,740
422,11064177,143,120,-23,-435,752
423,7987482,143,98,-45,-1749,1304
424,11151604,143,117,-26,-541,376
425,9945717,143,143,0,85,848
426,4753887,143,153,10,192,778
427,257160,143,116,-27,-582,549
428,7048619,143,110,-33,-846,544
429,6953248,143,88,-55,-3102,822
430,8233431,143,133,-10,-49,281
431,239806,142,99,-43,-1602,1727
432,6632154,142,129,-13,-136,748
433,8382816,142,114,-28,-639,1026
434,2699514,142,109,-33,-882,1522
435,6306647,142,107,-35,-1005,692
436,102068,142,106,-36,-1077,903
437,8456786,142,114,-28,-636,739
438,4596262,142,138,-4,35,1217
439,9477860,142,123,-19,-299,341
440,1783126,142,100,-42,-1532,470
441,2275911,142,106,-36,-1068,1082
442,3936543,142,128,-14,-165,1323
443,10935129,142,130,-12,-111,1571
444,3646933,142,114,-28,-634,617
445,3850817,142,104,-38,-1210,916
446,11013929,142,215,73,418,354
447,3092815,142,191,49,379,558
448,1860982,142,114,-28,-636,415
449,2268676,142,155,13,228,581
450,4901910,142,154,12,225,663
451,1784073,141,105,-36,-1125,1152
452,10263596,141,130,-11,-84,277
453,5570238,141,104,-37,-1196,1186
454,5644017,141,119,-22,-431,997
455,8882255,141,169,28,314,636
456,11955484,141,123,-18,-309,1151
457,2850933,141,116,-25,-526,776
458,12105080,141,105,-36,-1142,776
459,471248,141,153,12,221,384
460,6269580,141,118,-23,-449,1035
461,1293946,141,113,-28,-652,342
462,5858883,141,92,-49,-2415,1158
463,11731890,141,124,-17,-245,700
464,7719400,141,117,-24,-503,1179
465,7617876,141,157,16,266,506
466,11389780,141,135,-6,11,689
467,1503385,141,127,-14,-172,313
468,689225,140,114,-26,-584,840
469,2526199,140,121,-19,-336,580
470,3766688,140,137,-3,57,242
471,9315732,140,134,-6,2,796
472,11520814,140,101,-39,-1448,1133
473,9738976,140,120,-20,-379,1615
474,1125251,140,123,-17,-292,729
475,8041099,140,108,-32,-906,1696
476,2851955,140,141,1,112,640
477,1447564,140,133,-7,-8,794
478,6102629,140,104,-36,-1210,607
479,104283,140,158,18,288,350
480,6189194,140,117,-23,-484,904
481,5755120,139,129,-10,-79,281
482,2380914,139,133,-6,10,1391
483,8283744,139,95,-44,-1957,1365
484,11721204,139,105,-34,-1103,905
485,6476519,139,90,-49,-2645,1359
486,9600895,139,136,-3,55,874
487,6576341,139,116,-23,-500,671
488,6795558,139,107,-32,-962,809
489,2319621,139,126,-13,-169,837
490,5238027,139,114,-25,-574,538
491,1158410,139,108,-31,-912,626
492,6305099,139,107,-32,-964,1093
493,1938122,139,134,-5,27,969
494,5336568,139,116,-23,-498,893
495,8068019,139,124,-15,-232,847
496,2893288,139,105,-34,-1107,997
497,4216435,139,98,-41,-1678,741
498,11196681,139,98,-41,-1675,858
499,3051726,139,127,-12,-138,659
500,250147,139,142,3,148,493
501,3218548,138,115,-23,-519,294
502,8169855,138,120,-18,-343,1312
503,11343707,138,102,-36,-1287,657
504,7741716,138,149,11,233,751
505,7411820,138,96,-42,-1838,929
506,12300358,138,114,-24,-559,478
507,8426744,138,141,3,145,488
508,2403426,138,117,-21,-449,1046
509,9147425,138,123,-15,-255,1094
510,8841281,138,112,-26,-650,496
511,8725898,138,202,64,469,637
512,4899356,138,153,15,269,750
513,8210896,138,129,-9,-65,968
514,8912720,138,178,40,407,568
515,6609264,137,127,-10,-109,933
516,11843773,137,104,-33,-1131,799
517,6415132,137,126,-11,-135,1076
518,6388574,137,133,-4,43,769
519,7943099,137,109,-28,-795,720
520,6003788,137,94,-43,-2057,1154
521,2198854,137,95,-42,-1963,607
522,6486996,137,95,-42,-1952,1093
523,1672594,137,106,-31,-997,1523
524,1783956,137,108,-29,-869,1225
525,13316561,137,138,1,125,604
526,7483890,137,104,-33,-1130,871
527,9134444,137,99,-38,-1516,409
528,2129620,137,120,-17,-327,742
529,7283332,137,105,-32,-1073,982
530,9639727,137,124,-13,-173,527
531,11788401,137,122,-15,-265,677
532,5417754,137,135,-2,85,425
533,5520576,137,124,-13,-188,604
534,12621161,137,151,14,274,407
535,9605283,137,97,-40,-1749,610
536,509816,137,162,25,364,592
537,8890940,137,117,-20,-440,734
538,811427,137,169,32,404,384
539,2269569,137,155,18,317,556
540,6051957,136,125,-11,-135,452
541,3090533,136,110,-26,-718,1108
542,3808824,136,122,-14,-247,590
543,8744064,136,110,-26,-690,348
544,587808,136,95,-41,-1921,752
545,7459416,136,100,-36,-1436,508
546,2572999,136,103,-33,-1191,695
547,13002384,136,100,-36,-1422,558
548,13080812,136,101,-35,-1367,1075
549,1706702,136,106,-30,-979,612
550,7140362,136,122,-14,-241,627
551,1969242,136,102,-34,-1268,484
552,11441644,136,106,-30,-963,532
553,9322610,136,113,-23,-557,374
554,2397923,136,123,-13,-185,505
555,6608535,136,198,62,509,440
556,11462600,136,114,-22,-530,663
557,4576087,136,131,-5,42,305
558,12515950,136,95,-41,-1939,810
559,7053596,136,144,8,243,333
560,3870569,136,119,-17,-334,612
561,6019599,136,139,3,181,588
562,12398209,136,150,14,294,694
563,11647755,136,122,-14,-229,761
564,6779401,136,158,22,369,688
565,8693252,136,118,-18,-353,389
566,3072389,136,203,67,525,492
567,7857947,135,98,-37,-1564,1223
568,12120479,135,128,-7,-24,468
569,4183247,135,115,-20,-460,868
570,5007106,135,124,-11,-141,720
571,6410157,135,99,-36,-1473,1154
572,4944262,135,117,-18,-363,904
573,1341896,135,147,12,286,382
574,8471580,135,111,-24,-641,797
575,1647272,135,135,0,125,1275
576,13608647,135,117,-18,-374,1053
577,11130391,135,140,5,206,724
578,10449702,135,95,-40,-1895,696
579,5999551,135,97,-38,-1666,1481
580,8810744,135,153,18,344,744
581,4838563,135,95,-40,-1910,799
582,12865354,135,131,-4,59,737
583,3144174,135,116,-19,-412,879
584,2715773,135,107,-28,-886,594
585,10091561,135,115,-20,-458,780
586,8268352,135,114,-21,-493,583
587,1425678,135,125,-10,-95,414
588,10047510,135,117,-18,-378,442
589,6040369,135,133,-2,99,436
590,7452949,135,120,-15,-253,549
591,1868219,134,106,-28,-909,481
592,657676,134,128,-6,-6,2383
593,11078591,134,91,-43,-2385,919
594,9993404,134,100,-34,-1364,350
595,10491551,134,98,-36,-1546,1873
596,7251705,134,117,-17,-344,643
597,8063411,134,114,-20,-469,445
598,3955749,134,175,41,487,1347
599,9289760,134,91,-43,-2398,677
600,8708204,134,127,-7,-35,755
601,4529787,134,117,-17,-371,669
602,8316946,134,108,-26,-778,583
603,11583021,134,96,-38,-1756,527
604,2697635,134,129,-5,40,449
605,5271961,134,192,58,542,580
606,84410,134,118,-16,-310,649
607,11015496,134,106,-28,-915,528
608,10187361,134,139,5,218,721
609,8837594,134,148,14,327,640
610,13332980,134,111,-23,-585,330
611,6975392,134,118,-16,-299,524
612,985750,134,120,-14,-224,429
613,13715733,134,103,-31,-1164,728
614,7736586,134,105,-29,-1000,612
615,3245386,134,93,-41,-2156,541
616,3666024,134,124,-10,-106,410
617,7225928,134,127,-7,-27,540
618,7689763,134,138,4,216,275
619,7350785,133,115,-18,-400,818
620,2655698,133,104,-29,-1032,698
621,12154668,133,104,-29,-1024,569
622,7594496,133,88,-45,-2915,899
623,9738056,133,114,-19,-433,586
624,9377906,133,101,-32,-1279,1400
625,6299425,133,94,-39,-1945,867
626,13707061,133,99,-34,-1431,660
627,4810416,133,179,46,529,381
628,4867277,133,133,0,139,650
629,7036534,133,103,-30,-1115,419
630,1742796,133,119,-14,-262,714
631,7938681,133,124,-9,-68,508
632,11370404,133,103,-30,-1124,829
633,7903380,133,124,-9,-81,395
634,8170244,133,132,-1,134,695
635,8668512,133,110,-23,-606,306
636,1713627,133,169,36,498,1397
637,3486995,133,129,-4,68,589
638,9422404,133,155,22,421,554
639,9221051,133,154,21,411,583
640,5483222,133,127,-6,0,719
641,4764454,133,132,-1,135,895
642,6435505,133,97,-36,-1640,932
643,11380201,133,103,-30,-1102,712
644,5210112,133,112,-21,-517,582
645,3217749,133,95,-38,-1880,624
646,3609906,133,93,-40,-2134,432
647,11499573,133,137,4,222,298
648,5371014,133,104,-29,-1049,469
649,579225,132,113,-19,-448,449
650,11680030,132,105,-27,-912,474
651,13567623,132,117,-15,-285,722
652,6688301,132,161,29,474,640
653,391440,132,140,8,285,382
654,4399470,132,130,-2,99,1289
655,2076644,132,109,-23,-646,510
656,4787608,132,103,-29,-1073,785
657,11882341,132,114,-18,-412,712
658,7821394,132,121,-11,-167,553
659,11396879,132,97,-35,-1596,1022
660,10677432,132,122,-10,-111,268
661,7508360,132,106,-26,-877,458
662,2509027,132,194,62,606,678
663,13066778,132,112,-20,-479,510
664,8426727,132,103,-29,-1094,673
665,3937506,132,141,9,300,1041
666,10380431,132,105,-27,-942,706
667,11487689,132,105,-27,-938,822
668,3730327,132,126,-6,5,590
669,6182612,132,101,-31,-1263,687
670,4253050,132,158,26,476,586
671,2452123,132,82,-50,-4103,731
672,5927536,132,169,37,537,442
673,7167783,132,144,12,341,483
674,9043785,132,104,-28,-998,310
675,13606153,132,164,32,513,295
676,6971465,132,124,-8,-53,677
677,4599122,132,94,-38,-1972,550
678,6019391,132,115,-17,-371,403
679,12669591,131,123,-8,-61,425
680,11995675,131,102,-29,-1123,341
681,6596282,131,129,-2,116,2200
682,2379844,131,194,63,628,598
683,9753501,131,109,-22,-628,1306
684,4904211,131,132,1,182,891
685,12564436,131,96,-35,-1648,1017
686,3880529,131,101,-30,-1210,271
687,8740419,131,100,-31,-1275,871
688,1429883,131,114,-17,-383,556
689,11770271,131,98,-33,-1477,860
690,9656186,131,100,-31,-1281,280
691,11895628,131,87,-44,-3005,1281
692,9361395,131,125,-6,6,424
693,6221490,131,126,-5,45,511
694,1133516,131,102,-29,-1136,523
695,2077437,131,118,-13,-224,720
696,3988361,131,112,-19,-467,835
697,9991,131,106,-25,-820,522
698,11472473,131,94,-37,-1913,965
699,25449,131,94,-37,-1906,927
700,11467445,131,99,-32,-1355,722
701,4358691,131,89,-42,-2630,754
702,10260030,131,98,-33,-1478,923
703,2632386,131,147,16,413,643
704,12130158,131,118,-13,-224,920
705,3927147,131,149,18,431,667
706,8345627,131,144,13,378,754
707,1874524,131,109,-22,-621,678
708,7199561,131,101,-30,-1191,493
709,4335098,131,114,-17,-373,697
710,990085,131,141,10,350,368
711,2955818,131,142,11,364,416
712,395965,131,106,-25,-806,399
713,406144,131,117,-14,-261,411
714,1245724,130,108,-22,-639,505
715,8285378,130,102,-28,-1083,826
716,12712539,130,109,-21,-578,383
717,21780,130,104,-26,-912,417
718,4072474,130,101,-29,-1168,1233
719,2685968,130,100,-30,-1257,1124
720,3478498,130,113,-17,-396,268
721,4520608,130,99,-31,-1319,311
722,3444327,130,130,0,182,669
723,976485,130,98,-32,-1430,564
724,3728019,130,146,16,427,673
725,6510018,130,101,-29,-1170,1442
726,1397447,130,160,30,547,527
727,11027930,130,98,-32,-1437,584
728,8931330,130,101,-29,-1180,1223
729,6571422,130,118,-12,-170,551
730,9737076,130,218,88,705,1549
731,6073771,130,89,-41,-2611,528
732,9291623,130,95,-35,-1737,1157
733,10596173,130,110,-20,-514,973
734,3509005,130,101,-29,-1153,1265
735,11411812,130,117,-13,-206,294
736,2952352,130,128,-2,135,299
737,6344469,130,92,-38,-2127,1050
738,5156997,130,95,-35,-1773,560
739,10385651,130,104,-26,-940,1013
740,9782620,130,129,-1,159,848
741,11849987,130,101,-29,-1192,973
742,2420057,130,118,-12,-182,435
743,11428558,130,93,-37,-2020,724
744,8298423,130,98,-32,-1452,408
745,7969179,130,94,-36,-1869,696
746,13105952,130,103,-27,-1006,620
747,12605497,130,116,-14,-265,560
748,12690907,130,124,-6,31,266
749,636206,130,129,-1,165,441
750,9695651,130,88,-42,-2797,386
751,5481038,130,110,-20,-538,657
752,5588476,130,107,-23,-719,424
753,1433696,130,105,-25,-862,371
754,11269239,129,100,-29,-1196,719
755,6830458,129,108,-21,-600,298
756,9622700,129,94,-35,-1787,539
757,1267647,129,109,-20,-552,920
758,3040717,129,122,-7,-12,426
759,2208801,129,99,-30,-1286,785
760,6967526,129,98,-31,-1403,996
761,1594974,129,106,-23,-766,685
762,7069433,129,116,-13,-223,635
763,9990259,129,100,-29,-1194,608
764,10535537,129,125,-4,73,727
765,10917883,129,116,-13,-234,453
766,10814448,129,121,-8,-47,1064
767,3788772,129,103,-26,-974,359
768,6511959,129,92,-37,-2144,756
769,3130258,129,95,-34,-1735,834
770,6314658,129,110,-19,-491,888
771,5001251,129,149,20,499,471
772,10832345,129,105,-24,-806,479
773,5712434,129,95,-34,-1742,778
774,9728608,129,106,-23,-747,600
775,1290653,129,80,-49,-4473,1043
776,11249458,129,103,-26,-997,746
777,7150427,129,127,-2,134,704
778,3803677,129,93,-36,-1990,692
779,2440090,129,98,-31,-1402,782
780,3305779,129,93,-36,-1957,716
781,9524778,129,128,-1,182,343
782,10870100,129,116,-13,-232,594
783,9320498,129,133,4,295,606
784,1454352,129,183,54,700,705
785,408222,129,100,-29,-1231,738
786,2538282,129,139,10,394,552
787,2584088,129,117,-12,-188,478
788,9116865,129,119,-10,-89,336
789,12619922,129,102,-27,-1076,566
790,10499135,128,91,-37,-2168,989
791,13637563,128,94,-34,-1764,542
792,9277283,128,121,-7,-12,743
793,11342748,128,100,-28,-1171,672
794,5619654,128,93,-35,-1902,344
795,2227225,128,99,-29,-1253,575
796,2612731,128,115,-13,-226,1037
797,4895726,128,87,-41,-2868,1438
798,11808652,128,89,-39,-2504,1137
799,500274,128,90,-38,-2385,509
800,7815137,128,105,-23,-798,699
801,8135221,128,91,-37,-2212,689
802,11505053,128,106,-22,-692,864
803,3172048,128,125,-3,123,769
804,13660475,128,110,-18,-444,491
805,1410714,128,88,-40,-2707,884
806,12530533,128,123,-5,50,942
807,11296668,128,157,29,606,826
808,4882351,128,122,-6,30,467
809,3508551,128,113,-15,-311,498
810,13259303,128,89,-39,-2538,789
811,596415,128,80,-48,-4421,702
812,2424602,128,103,-25,-912,466
813,12343624,128,102,-26,-1047,869
814,3745999,128,97,-31,-1456,848
815,12304779,128,123,-5,65,499
816,2634882,128,105,-23,-804,763
817,740183,128,89,-39,-2565,858
818,3824259,128,94,-34,-1784,440
819,3004300,128,98,-30,-1335,496
820,8143029,128,117,-11,-139,673
821,10095171,128,159,31,632,607
822,7777100,128,98,-30,-1316,350
823,11035696,128,100,-28,-1151,703
824,10252367,128,101,-27,-1094,501
825,12537528,128,122,-6,35,689
826,7182010,128,138,10,414,667
827,8810443,128,108,-20,-587,482
828,11655654,128,115,-13,-218,379
829,4775284,128,96,-32,-1565,800
830,3560594,128,123,-5,83,524
831,1224157,128,104,-24,-846,332
832,7331556,128,129,1,249,490
833,769038,128,147,19,545,301
834,96145,128,102,-26,-1007,402
835,832205,127,99,-28,-1197,925
836,5492909,127,102,-25,-976,666
837,9441118,127,100,-27,-1133,533
838,7889002,127,100,-27,-1127,678
839,12460383,127,82,-45,-3799,2112
840,3572607,127,90,-37,-2283,631
841,9514755,127,99,-28,-1205,908
842,5014355,127,93,-34,-1852,563
843,2955806,127,86,-41,-3016,1049
844,9290537,127,88,-39,-2674,843
845,6282057,127,116,-11,-136,328
846,5145934,127,84,-43,-3390,1389
847,11124262,127,93,-34,-1851,681
848,8175108,127,103,-24,-901,519
849,4004552,127,144,17,524,630
850,10590428,127,96,-31,-1518,525
851,2344650,127,115,-12,-187,1018
852,10898128,127,116,-11,-151,1140
853,4326566,127,102,-25,-1005,470
854,13697333,127,109,-18,-486,615
855,12115946,127,107,-20,-586,560
856,2618186,127,102,-25,-995,432
857,508737,127,103,-24,-904,750
858,2990579,127,99,-28,-1193,304
859,3292817,127,90,-37,-2347,538
860,9835674,127,99,-28,-1224,381
861,3881870,127,100,-27,-1144,723
862,7036424,127,97,-30,-1409,784
863,13659730,127,139,12,475,368
864,10659035,127,103,-24,-910,548
865,1122115,127,97,-30,-1425,410
866,12287851,127,124,-3,156,364
867,3206448,127,98,-29,-1295,425
868,9735122,127,124,-3,148,495
869,700529,127,122,-5,85,387
870,10539140,127,144,17,546,513
871,10447246,127,104,-23,-818,596
872,8290022,127,118,-9,-29,267
873,12248322,127,130,3,323,294
874,11235872,127,106,-21,-667,255
875,2172662,127,113,-14,-252,510
876,7765894,127,114,-13,-192,562
877,8188613,127,105,-22,-719,229
878,11841679,126,121,-5,76,313
879,5674740,126,97,-29,-1331,406
880,12605113,126,117,-9,-51,261
881,2574707,126,101,-25,-996,256
882,10532608,126,101,-25,-1008,436
883,1706195,126,106,-20,-615,641
884,11890810,126,122,-4,104,899
885,7431009,126,107,-19,-552,495
886,4962179,126,97,-29,-1365,415
887,767860,126,107,-19,-559,692
888,10034794,126,109,-17,-415,333
889,5800261,126,94,-32,-1682,1427
890,9583892,126,116,-10,-96,675
891,13566611,126,110,-16,-371,975
892,464294,126,127,1,264,537
893,7548048,126,98,-28,-1240,463
894,7169167,126,96,-30,-1434,359
895,3026506,126,98,-28,-1249,845
896,7011580,126,97,-29,-1338,1166
897,11641614,126,133,7,419,672
898,5857436,126,104,-22,-768,770
899,8772248,126,210,84,866,1051
900,10116933,126,114,-12,-155,415
901,5787191,126,88,-38,-2596,788
902,2235509,126,109,-17,-413,584
903,4608569,126,85,-41,-3148,1173
904,3061623,126,92,-34,-1970,751
905,6757536,126,130,4,368,627
906,356321,126,87,-39,-2819,738
907,3866805,126,130,4,368,988
908,8556261,126,106,-20,-639,424
909,1675658,126,115,-11,-121,314
910,12262873,126,85,-41,-3158,1121
911,4204636,126,99,-27,-1139,551
912,3511630,126,103,-23,-859,604
913,12253965,126,120,-6,66,1093
914,11012191,126,129,3,337,453
915,12393602,126,89,-37,-2418,312
916,12896556,126,95,-31,-1603,444
917,665405,126,109,-17,-422,455
918,12474728,126,116,-10,-97,560
919,11546360,126,101,-25,-1020,750
920,11414057,126,99,-27,-1162,454
921,2325905,126,81,-45,-4094,878
922,12014636,126,94,-32,-1722,493
923,5182974,126,132,6,414,415
924,7454613,126,147,21,631,594
925,6884285,126,90,-36,-2312,565
926,4036002,126,94,-32,-1714,397
927,9944882,125,98,-27,-1189,253
928,11659910,125,126,1,282,397
929,996312,125,113,-12,-171,1265
930,10535657,125,133,8,456,323
931,2658184,125,119,-6,55,665
932,1928397,125,106,-19,-574,689
933,2135951,125,103,-22,-777,336
934,8118071,125,100,-25,-1048,824
935,8789330,125,92,-33,-1902,724
936,10259888,125,106,-19,-563,383
937,7061204,125,97,-28,-1322,768
938,7084073,125,104,-21,-702,242
939,4902525,125,81,-44,-3990,1461
940,9413168,125,91,-34,-2059,1115
941,292677,125,88,-37,-2618,908
942,1464206,125,157,32,739,1267
943,10891976,125,103,-22,-817,1242
944,9854245,125,94,-31,-1651,987
945,11255820,125,107,-18,-515,750
946,12803450,125,110,-15,-332,588
947,356373,125,96,-29,-1424,784
948,3365189,125,104,-21,-733,840
949,1967658,125,89,-36,-2447,759
950,813620,125,90,-35,-2250,633
951,1892797,125,93,-32,-1763,724
952,1189659,125,114,-11,-124,852
953,12994913,125,93,-32,-1782,575
954,13577331,125,85,-40,-3074,1000
955,4680226,125,98,-27,-1240,524
956,5849019,125,110,-15,-321,381
957,9562642,125,85,-40,-3139,643
958,7290163,125,122,-3,185,353
959,890273,125,94,-31,-1693,278
960,1244577,125,109,-16,-378,711
961,3664185,125,132,7,454,377
962,1220795,125,104,-21,-739,463
963,13301996,125,91,-34,-2090,399
964,397582,125,110,-15,-323,638
965,7437741,125,152,27,712,764
966,5214505,125,133,8,484,532
967,4047855,125,164,39,803,557
968,1563838,124,153,29,735,264
969,4185804,124,115,-9,-52,660
970,11996570,124,95,-29,-1473,625
971,13321205,124,110,-14,-285,765
972,4630214,124,95,-29,-1498,763
973,3636331,124,104,-20,-665,400
974,3057981,124,109,-15,-353,549
975,6461321,124,93,-31,-1737,567
976,12077016,124,99,-25,-1094,462
977,12673125,124,123,-1,245,290
978,9734522,124,109,-15,-348,779
979,11044059,124,107,-17,-476,1030
980,10981971,124,118,-6,65,325
981,8966626,124,93,-31,-1730,1258
982,1317443,124,103,-21,-744,480
983,739196,124,95,-29,-1469,764
984,1187512,124,107,-17,-491,656
985,3685474,124,125,1,304,270
986,6887457,124,84,-40,-3331,545
987,6021265,124,150,26,722,420
988,1894177,124,74,-50,-6013,955
989,7440739,124,144,20,672,421
990,8891041,124,100,-24,-978,550
991,11968750,124,129,5,418,419
992,9521931,124,89,-35,-2394,606
993,4558383,124,114,-10,-90,808
994,1748681,124,104,-20,-675,576
995,8178937,124,117,-7,22,401
996,3829502,124,132,8,491,562
997,12480811,124,108,-16,-402,308
998,10466891,124,108,-16,-375,261
999,1835531,124,158,34,802,368
1000,2522634,124,109,-15,-322,517
