author_id,h_index_r1.00,h_index_r0.75,delta_h,rank_baseline,rank_r0.75,delta_rank,num_publications
12203369,147,133,-14,353,661,-308,1274
8693805,155,142,-13,250,464,-214,2021
6953248,143,130,-13,429,762,-333,822
13391059,198,186,-12,44,75,-31,1825
3829461,149,137,-12,315,567,-252,2048
3935170,100,88,-12,3235,5778,-2543,536
4526327,94,82,-12,4406,7843,-3437,784
8122176,110,99,-11,1951,3352,-1401,1842
10605856,100,89,-11,3248,5514,-2266,507
13116075,95,84,-11,4233,7151,-2918,487
1204811,183,173,-10,80,127,-47,1141
12611655,164,154,-10,161,287,-126,482
8879664,155,145,-10,251,418,-167,1720
2452123,132,122,-10,671,1143,-472,731
1894177,124,114,-10,988,1641,-653,955
5965719,123,113,-10,1036,1725,-689,1168
733660,118,108,-10,1302,2109,-807,560
4015792,115,105,-10,1532,2461,-929,1237
381663,113,103,-10,1675,2731,-1056,1228
11929314,108,98,-10,2160,3558,-1398,880
624166,108,98,-10,2194,3625,-1431,482
10352369,95,85,-10,4302,6946,-2644,325
6289606,94,84,-10,4383,7081,-2698,814
5932542,84,74,-10,7437,11867,-4430,916
13423004,82,72,-10,8337,13267,-4930,545
3397285,79,69,-10,9672,15565,-5893,434
9132075,73,63,-10,13256,21699,-8443,1184
11178757,64,54,-10,23402,38618,-15216,257
9553359,189,180,-9,62,104,-42,796
6312414,165,156,-9,155,266,-111,1277
